acousticness,analysis_url,danceability,duration_ms,energy,id,instrumentalness,key,liveness,loudness,mode,speechiness,target,tempo,time_signature,track_href,type,uri,valence
0.0813,https://api.spotify.com/v1/audio-analysis/6KBOvrddbomdb9dkarvwCl,0.797,238379,0.88,6KBOvrddbomdb9dkarvwCl,0.0,1,0.272,-2.534,1,0.04,1,144.925,4,https://api.spotify.com/v1/tracks/6KBOvrddbomdb9dkarvwCl,audio_features,spotify:track:6KBOvrddbomdb9dkarvwCl,0.779
0.00205,https://api.spotify.com/v1/audio-analysis/20Xwgtz25c8XBV46z1GYs4,0.603,185753,0.972,20Xwgtz25c8XBV46z1GYs4,0.687,11,0.124,-5.013,0,0.0415,1,145.997,4,https://api.spotify.com/v1/tracks/20Xwgtz25c8XBV46z1GYs4,audio_features,spotify:track:20Xwgtz25c8XBV46z1GYs4,0.388
0.395,https://api.spotify.com/v1/audio-analysis/18ycL9Q5zLDeY9M2Lr3Ozw,0.3,275307,0.452,18ycL9Q5zLDeY9M2Lr3Ozw,0.000818,11,0.137,-9.298,1,0.0305,1,82.988,4,https://api.spotify.com/v1/tracks/18ycL9Q5zLDeY9M2Lr3Ozw,audio_features,spotify:track:18ycL9Q5zLDeY9M2Lr3Ozw,0.342
0.164,https://api.spotify.com/v1/audio-analysis/48osCmpz6cmeBdmkDQg35z,0.643,234786,0.798,48osCmpz6cmeBdmkDQg35z,0.0,4,0.296,-5.07,0,0.075,1,92.16,4,https://api.spotify.com/v1/tracks/48osCmpz6cmeBdmkDQg35z,audio_features,spotify:track:48osCmpz6cmeBdmkDQg35z,0.459
0.581,https://api.spotify.com/v1/audio-analysis/0FE9t6xYkqWXU2ahLh6D8X,0.825,233713,0.652,0FE9t6xYkqWXU2ahLh6D8X,0.0,1,0.0931,-3.183,0,0.0802,1,95.977,4,https://api.spotify.com/v1/tracks/0FE9t6xYkqWXU2ahLh6D8X,audio_features,spotify:track:0FE9t6xYkqWXU2ahLh6D8X,0.931
0.188,https://api.spotify.com/v1/audio-analysis/4F7A0DXBrmUAkp32uenhZt,0.572,249213,0.631,4F7A0DXBrmUAkp32uenhZt,2.31e-05,1,0.259,-8.389,1,0.104,1,77.519,4,https://api.spotify.com/v1/tracks/4F7A0DXBrmUAkp32uenhZt,audio_features,spotify:track:4F7A0DXBrmUAkp32uenhZt,0.219
0.0472,https://api.spotify.com/v1/audio-analysis/27SdWb2rFzO6GWiYDBTD9j,0.628,211667,0.698,27SdWb2rFzO6GWiYDBTD9j,0.00143,6,0.0907,-5.608,0,0.105,1,89.976,4,https://api.spotify.com/v1/tracks/27SdWb2rFzO6GWiYDBTD9j,audio_features,spotify:track:27SdWb2rFzO6GWiYDBTD9j,0.732
0.103,https://api.spotify.com/v1/audio-analysis/4tCtwWceOPWzenK2HAIJSb,0.803,214480,0.585,4tCtwWceOPWzenK2HAIJSb,3.94e-06,8,0.0644,-5.861,1,0.0432,1,105.017,4,https://api.spotify.com/v1/tracks/4tCtwWceOPWzenK2HAIJSb,audio_features,spotify:track:4tCtwWceOPWzenK2HAIJSb,0.593
0.218,https://api.spotify.com/v1/audio-analysis/4PhsKqMdgMEUSstTDAmMpg,0.569,249040,0.629,4PhsKqMdgMEUSstTDAmMpg,0.0,7,0.135,-9.837,0,0.0485,1,134.035,4,https://api.spotify.com/v1/tracks/4PhsKqMdgMEUSstTDAmMpg,audio_features,spotify:track:4PhsKqMdgMEUSstTDAmMpg,0.0726
0.129,https://api.spotify.com/v1/audio-analysis/4mU5iXHeLgbR94siF7p1sY,0.772,237573,0.504,4mU5iXHeLgbR94siF7p1sY,0.0,6,0.125,-8.219,0,0.0761,1,140.035,4,https://api.spotify.com/v1/tracks/4mU5iXHeLgbR94siF7p1sY,audio_features,spotify:track:4mU5iXHeLgbR94siF7p1sY,0.244
0.159,https://api.spotify.com/v1/audio-analysis/6KI1ZpZWYAJLvmVhCJz65G,0.332,201493,0.635,6KI1ZpZWYAJLvmVhCJz65G,2.79e-06,7,0.0599,-5.653,1,0.0898,1,186.249,3,https://api.spotify.com/v1/tracks/6KI1ZpZWYAJLvmVhCJz65G,audio_features,spotify:track:6KI1ZpZWYAJLvmVhCJz65G,0.261
0.0582,https://api.spotify.com/v1/audio-analysis/1lNVii0jj5Sa1leKSYWMNl,0.612,186240,0.863,1lNVii0jj5Sa1leKSYWMNl,0.0,1,0.0823,-4.258,1,0.0426,1,121.963,4,https://api.spotify.com/v1/tracks/1lNVii0jj5Sa1leKSYWMNl,audio_features,spotify:track:1lNVii0jj5Sa1leKSYWMNl,0.637
0.0541,https://api.spotify.com/v1/audio-analysis/3rmzOry93Q6CQuHKVyBTQm,0.599,202989,0.935,3rmzOry93Q6CQuHKVyBTQm,0.0,10,0.11,-3.736,1,0.0453,1,119.984,4,https://api.spotify.com/v1/tracks/3rmzOry93Q6CQuHKVyBTQm,audio_features,spotify:track:3rmzOry93Q6CQuHKVyBTQm,0.405
0.00105,https://api.spotify.com/v1/audio-analysis/2aPREmASkf4af2mEZanOLR,0.762,428976,0.493,2aPREmASkf4af2mEZanOLR,0.068,0,0.0388,-13.558,1,0.0541,1,126.989,4,https://api.spotify.com/v1/tracks/2aPREmASkf4af2mEZanOLR,audio_features,spotify:track:2aPREmASkf4af2mEZanOLR,0.465
5.22e-05,https://api.spotify.com/v1/audio-analysis/6oF9czeJAFPTIcVrAyupOk,0.767,384480,0.265,6oF9czeJAFPTIcVrAyupOk,0.654,8,0.302,-9.516,1,0.0428,1,124.99,4,https://api.spotify.com/v1/tracks/6oF9czeJAFPTIcVrAyupOk,audio_features,spotify:track:6oF9czeJAFPTIcVrAyupOk,0.0568
0.0212,https://api.spotify.com/v1/audio-analysis/12aB7rJIwjLVxvgZlkZuqG,0.633,257093,0.851,12aB7rJIwjLVxvgZlkZuqG,0.0,2,0.172,-6.372,1,0.0362,1,101.996,4,https://api.spotify.com/v1/tracks/12aB7rJIwjLVxvgZlkZuqG,audio_features,spotify:track:12aB7rJIwjLVxvgZlkZuqG,0.783
0.00554,https://api.spotify.com/v1/audio-analysis/6GZDlgmOnAqHqVHVCJ7HnT,0.552,219413,0.902,6GZDlgmOnAqHqVHVCJ7HnT,0.0,0,0.18,-4.561,1,0.0407,1,132.016,4,https://api.spotify.com/v1/tracks/6GZDlgmOnAqHqVHVCJ7HnT,audio_features,spotify:track:6GZDlgmOnAqHqVHVCJ7HnT,0.388
0.236,https://api.spotify.com/v1/audio-analysis/2lnzGkdtDj5mtlcOW2yRtG,0.793,196160,0.832,2lnzGkdtDj5mtlcOW2yRtG,1.12e-05,1,0.202,-4.862,0,0.0406,1,107.661,4,https://api.spotify.com/v1/tracks/2lnzGkdtDj5mtlcOW2yRtG,audio_features,spotify:track:2lnzGkdtDj5mtlcOW2yRtG,0.872
0.000276,https://api.spotify.com/v1/audio-analysis/1iqJHfr78z0aOuo6MCstnk,0.44,287960,0.865,1iqJHfr78z0aOuo6MCstnk,0.0948,8,0.0829,-5.243,0,0.0337,1,79.951,4,https://api.spotify.com/v1/tracks/1iqJHfr78z0aOuo6MCstnk,audio_features,spotify:track:1iqJHfr78z0aOuo6MCstnk,0.488
0.000278,https://api.spotify.com/v1/audio-analysis/1ndZwoW05Jdcej9NyHKyOC,0.455,203547,0.928,1ndZwoW05Jdcej9NyHKyOC,0.564,1,0.542,-4.896,1,0.0501,1,143.057,4,https://api.spotify.com/v1/tracks/1ndZwoW05Jdcej9NyHKyOC,audio_features,spotify:track:1ndZwoW05Jdcej9NyHKyOC,0.666
0.0513,https://api.spotify.com/v1/audio-analysis/1pKeFVVUOPjFsOABub0OaV,0.65,226160,0.736,1pKeFVVUOPjFsOABub0OaV,0.0,6,0.235,-5.84,0,0.229,1,159.174,4,https://api.spotify.com/v1/tracks/1pKeFVVUOPjFsOABub0OaV,audio_features,spotify:track:1pKeFVVUOPjFsOABub0OaV,0.612
0.0398,https://api.spotify.com/v1/audio-analysis/2XMTqoHHSH0lvuXrvIEdco,0.683,237707,0.708,2XMTqoHHSH0lvuXrvIEdco,0.155,5,0.686,-6.244,0,0.0305,1,92.991,4,https://api.spotify.com/v1/tracks/2XMTqoHHSH0lvuXrvIEdco,audio_features,spotify:track:2XMTqoHHSH0lvuXrvIEdco,0.355
0.0146,https://api.spotify.com/v1/audio-analysis/0LGYNrfNABeZSZVzQMLKvZ,0.526,314758,0.817,0LGYNrfNABeZSZVzQMLKvZ,0.0,9,0.498,-6.41,0,0.225,1,141.456,4,https://api.spotify.com/v1/tracks/0LGYNrfNABeZSZVzQMLKvZ,audio_features,spotify:track:0LGYNrfNABeZSZVzQMLKvZ,0.508
0.104,https://api.spotify.com/v1/audio-analysis/3HMuXylWiUmZ6nlIU3eOJ6,0.69,212305,0.688,3HMuXylWiUmZ6nlIU3eOJ6,0.0,8,0.0948,-4.817,0,0.0374,1,122.048,4,https://api.spotify.com/v1/tracks/3HMuXylWiUmZ6nlIU3eOJ6,audio_features,spotify:track:3HMuXylWiUmZ6nlIU3eOJ6,0.269
0.389,https://api.spotify.com/v1/audio-analysis/5wQRNkb7OhzJoT1P0OZ4Rw,0.672,221333,0.386,5wQRNkb7OhzJoT1P0OZ4Rw,0.0,0,0.0838,-9.715,1,0.264,1,90.082,4,https://api.spotify.com/v1/tracks/5wQRNkb7OhzJoT1P0OZ4Rw,audio_features,spotify:track:5wQRNkb7OhzJoT1P0OZ4Rw,0.529
0.00197,https://api.spotify.com/v1/audio-analysis/16s0TT9GxYo78ln1iHZLS1,0.761,245854,0.858,16s0TT9GxYo78ln1iHZLS1,3.03e-05,11,0.063,-6.104,0,0.0556,1,122.995,4,https://api.spotify.com/v1/tracks/16s0TT9GxYo78ln1iHZLS1,audio_features,spotify:track:16s0TT9GxYo78ln1iHZLS1,0.545
0.0631,https://api.spotify.com/v1/audio-analysis/6yIdwnpDHufLWgQcveTPMk,0.735,245200,0.451,6yIdwnpDHufLWgQcveTPMk,1.3e-05,0,0.325,-8.374,1,0.0585,1,117.973,4,https://api.spotify.com/v1/tracks/6yIdwnpDHufLWgQcveTPMk,audio_features,spotify:track:6yIdwnpDHufLWgQcveTPMk,0.0862
0.0507,https://api.spotify.com/v1/audio-analysis/4IXfh4oDXz88MnB9NihplU,0.834,304160,0.62,4IXfh4oDXz88MnB9NihplU,0.0,8,0.119,-6.3,0,0.144,1,147.07,4,https://api.spotify.com/v1/tracks/4IXfh4oDXz88MnB9NihplU,audio_features,spotify:track:4IXfh4oDXz88MnB9NihplU,0.677
0.0679,https://api.spotify.com/v1/audio-analysis/4Lvc9SbPc0svm9TEoMgFzB,0.967,242800,0.599,4Lvc9SbPc0svm9TEoMgFzB,0.0,7,0.0526,-5.659,0,0.0706,1,117.001,4,https://api.spotify.com/v1/tracks/4Lvc9SbPc0svm9TEoMgFzB,audio_features,spotify:track:4Lvc9SbPc0svm9TEoMgFzB,0.964
0.277,https://api.spotify.com/v1/audio-analysis/4NeOWqHmlrGRuBvsLJC9rL,0.772,276160,0.68,4NeOWqHmlrGRuBvsLJC9rL,1.17e-05,11,0.682,-5.881,0,0.224,1,119.953,4,https://api.spotify.com/v1/tracks/4NeOWqHmlrGRuBvsLJC9rL,audio_features,spotify:track:4NeOWqHmlrGRuBvsLJC9rL,0.807
0.406,https://api.spotify.com/v1/audio-analysis/5knuzwU65gJK7IF5yJsuaW,0.72,251088,0.763,5knuzwU65gJK7IF5yJsuaW,0.0,9,0.18,-4.068,0,0.0523,1,101.965,4,https://api.spotify.com/v1/tracks/5knuzwU65gJK7IF5yJsuaW,audio_features,spotify:track:5knuzwU65gJK7IF5yJsuaW,0.742
0.00262,https://api.spotify.com/v1/audio-analysis/31t0ATifZW5CW3XP2QUsUW,0.564,197793,0.768,31t0ATifZW5CW3XP2QUsUW,0.0,8,0.324,-6.431,1,0.0342,1,144.971,4,https://api.spotify.com/v1/tracks/31t0ATifZW5CW3XP2QUsUW,audio_features,spotify:track:31t0ATifZW5CW3XP2QUsUW,0.362
0.0418,https://api.spotify.com/v1/audio-analysis/6dfXwa0dI1sBm4CIePuOYM,0.621,338867,0.839,6dfXwa0dI1sBm4CIePuOYM,0.836,1,0.312,-6.522,0,0.0348,1,126.022,4,https://api.spotify.com/v1/tracks/6dfXwa0dI1sBm4CIePuOYM,audio_features,spotify:track:6dfXwa0dI1sBm4CIePuOYM,0.404
0.0484,https://api.spotify.com/v1/audio-analysis/32bqxZEJRJObeNyc8bEiPt,0.59,169801,0.671,32bqxZEJRJObeNyc8bEiPt,0.0,9,0.0604,-6.098,1,0.0706,1,149.982,4,https://api.spotify.com/v1/tracks/32bqxZEJRJObeNyc8bEiPt,audio_features,spotify:track:32bqxZEJRJObeNyc8bEiPt,0.438
0.0306,https://api.spotify.com/v1/audio-analysis/1dNIEtp7AY3oDAKCGg2XkH,0.607,247627,0.649,1dNIEtp7AY3oDAKCGg2XkH,2.46e-05,11,0.174,-6.695,0,0.0362,1,102.996,4,https://api.spotify.com/v1/tracks/1dNIEtp7AY3oDAKCGg2XkH,audio_features,spotify:track:1dNIEtp7AY3oDAKCGg2XkH,0.505
0.0111,https://api.spotify.com/v1/audio-analysis/7fKsaiVDwKe6VVsiGk48YG,0.631,232907,0.821,7fKsaiVDwKe6VVsiGk48YG,0.0156,8,0.197,-5.503,1,0.0343,1,97.003,4,https://api.spotify.com/v1/tracks/7fKsaiVDwKe6VVsiGk48YG,audio_features,spotify:track:7fKsaiVDwKe6VVsiGk48YG,0.486
0.253,https://api.spotify.com/v1/audio-analysis/6uBhi9gBXWjanegOb2Phh0,0.69,210091,0.622,6uBhi9gBXWjanegOb2Phh0,0.0,5,0.116,-5.025,0,0.0622,1,102.04,4,https://api.spotify.com/v1/tracks/6uBhi9gBXWjanegOb2Phh0,audio_features,spotify:track:6uBhi9gBXWjanegOb2Phh0,0.544
0.061,https://api.spotify.com/v1/audio-analysis/4Km5HrUvYTaSUfiSGPJeQR,0.927,343150,0.665,4Km5HrUvYTaSUfiSGPJeQR,0.0,11,0.123,-5.313,1,0.244,1,127.076,4,https://api.spotify.com/v1/tracks/4Km5HrUvYTaSUfiSGPJeQR,audio_features,spotify:track:4Km5HrUvYTaSUfiSGPJeQR,0.175
0.129,https://api.spotify.com/v1/audio-analysis/5ATqAu28NsgWO1jShFnCxq,0.722,312529,0.635,5ATqAu28NsgWO1jShFnCxq,0.00647,5,0.312,-12.599,0,0.323,1,139.972,4,https://api.spotify.com/v1/tracks/5ATqAu28NsgWO1jShFnCxq,audio_features,spotify:track:5ATqAu28NsgWO1jShFnCxq,0.703
0.122,https://api.spotify.com/v1/audio-analysis/52yOf7Ls1u5AO3cFIzQ58m,0.7,234308,0.714,52yOf7Ls1u5AO3cFIzQ58m,0.0,9,0.0428,-6.295,0,0.104,1,99.909,4,https://api.spotify.com/v1/tracks/52yOf7Ls1u5AO3cFIzQ58m,audio_features,spotify:track:52yOf7Ls1u5AO3cFIzQ58m,0.458
0.0232,https://api.spotify.com/v1/audio-analysis/6PCUP3dWmTjcTtXY02oFdT,0.461,261154,0.834,6PCUP3dWmTjcTtXY02oFdT,1.14e-05,2,0.14,-4.868,1,0.0989,1,135.007,4,https://api.spotify.com/v1/tracks/6PCUP3dWmTjcTtXY02oFdT,audio_features,spotify:track:6PCUP3dWmTjcTtXY02oFdT,0.471
0.0236,https://api.spotify.com/v1/audio-analysis/6iejlH2IrAmsvjfgjlaq9Z,0.52,256892,0.649,6iejlH2IrAmsvjfgjlaq9Z,0.000329,1,0.0828,-7.117,1,0.056,1,163.924,4,https://api.spotify.com/v1/tracks/6iejlH2IrAmsvjfgjlaq9Z,audio_features,spotify:track:6iejlH2IrAmsvjfgjlaq9Z,0.355
0.00618,https://api.spotify.com/v1/audio-analysis/29MOQfRQS4b7ptGsbbSRVi,0.751,203360,0.696,29MOQfRQS4b7ptGsbbSRVi,0.00258,4,0.107,-6.027,1,0.0657,1,121.0,4,https://api.spotify.com/v1/tracks/29MOQfRQS4b7ptGsbbSRVi,audio_features,spotify:track:29MOQfRQS4b7ptGsbbSRVi,0.446
0.119,https://api.spotify.com/v1/audio-analysis/12GEpg2XOPyqk03JZEZnJs,0.64,220781,0.533,12GEpg2XOPyqk03JZEZnJs,0.0,0,0.0864,-6.596,1,0.0706,1,99.968,4,https://api.spotify.com/v1/tracks/12GEpg2XOPyqk03JZEZnJs,audio_features,spotify:track:12GEpg2XOPyqk03JZEZnJs,0.515
0.00365,https://api.spotify.com/v1/audio-analysis/2dyyOwe0KxTZTJjjXDeLmU,0.693,194773,0.727,2dyyOwe0KxTZTJjjXDeLmU,0.0,10,0.0576,-5.364,0,0.0749,1,121.937,4,https://api.spotify.com/v1/tracks/2dyyOwe0KxTZTJjjXDeLmU,audio_features,spotify:track:2dyyOwe0KxTZTJjjXDeLmU,0.746
0.0356,https://api.spotify.com/v1/audio-analysis/60EFFQmSfrNMPUMGnfxBbO,0.313,198173,0.68,60EFFQmSfrNMPUMGnfxBbO,0.0,11,0.188,-5.538,1,0.0384,1,106.76,5,https://api.spotify.com/v1/tracks/60EFFQmSfrNMPUMGnfxBbO,audio_features,spotify:track:60EFFQmSfrNMPUMGnfxBbO,0.245
0.255,https://api.spotify.com/v1/audio-analysis/3RiPr603aXAoi4GHyXx0uy,0.49,258827,0.743,3RiPr603aXAoi4GHyXx0uy,7.21e-06,0,0.3,-5.155,0,0.0409,1,89.974,4,https://api.spotify.com/v1/tracks/3RiPr603aXAoi4GHyXx0uy,audio_features,spotify:track:3RiPr603aXAoi4GHyXx0uy,0.363
0.0384,https://api.spotify.com/v1/audio-analysis/6VKjdUk3JEbeBXv1IusK5M,0.5,252893,0.87,6VKjdUk3JEbeBXv1IusK5M,0.0,7,0.13,-3.282,1,0.0368,1,90.001,4,https://api.spotify.com/v1/tracks/6VKjdUk3JEbeBXv1IusK5M,audio_features,spotify:track:6VKjdUk3JEbeBXv1IusK5M,0.687
0.337,https://api.spotify.com/v1/audio-analysis/3PiLfzEXHrvT1oJKR8PAJt,0.559,254693,0.535,3PiLfzEXHrvT1oJKR8PAJt,0.0,3,0.105,-8.136,0,0.274,1,96.989,4,https://api.spotify.com/v1/tracks/3PiLfzEXHrvT1oJKR8PAJt,audio_features,spotify:track:3PiLfzEXHrvT1oJKR8PAJt,0.62
0.328,https://api.spotify.com/v1/audio-analysis/5maiP9UMnTSgoxPX8X3bdz,0.67,231907,0.476,5maiP9UMnTSgoxPX8X3bdz,0.0,9,0.104,-6.253,0,0.0406,1,96.975,4,https://api.spotify.com/v1/tracks/5maiP9UMnTSgoxPX8X3bdz,audio_features,spotify:track:5maiP9UMnTSgoxPX8X3bdz,0.235
0.335,https://api.spotify.com/v1/audio-analysis/15DrrIod12Tc2IoMaHiwlQ,0.553,192707,0.657,15DrrIod12Tc2IoMaHiwlQ,0.000648,1,0.228,-8.219,1,0.0405,1,107.889,4,https://api.spotify.com/v1/tracks/15DrrIod12Tc2IoMaHiwlQ,audio_features,spotify:track:15DrrIod12Tc2IoMaHiwlQ,0.555
0.0729,https://api.spotify.com/v1/audio-analysis/6t2ubAB4iSYOuIpRAOGd4t,0.786,157165,0.854,6t2ubAB4iSYOuIpRAOGd4t,1.63e-06,2,0.179,-4.247,1,0.0523,1,105.078,4,https://api.spotify.com/v1/tracks/6t2ubAB4iSYOuIpRAOGd4t,audio_features,spotify:track:6t2ubAB4iSYOuIpRAOGd4t,0.687
0.0735,https://api.spotify.com/v1/audio-analysis/0afhq8XCExXpqazXczTSve,0.624,170827,0.876,0afhq8XCExXpqazXczTSve,0.0,9,0.327,-3.374,1,0.1,1,99.943,4,https://api.spotify.com/v1/tracks/0afhq8XCExXpqazXczTSve,audio_features,spotify:track:0afhq8XCExXpqazXczTSve,0.781
0.0895,https://api.spotify.com/v1/audio-analysis/3ebXMykcMXOcLeJ9xZ17XH,0.584,220883,0.54,3ebXMykcMXOcLeJ9xZ17XH,0.0,1,0.261,-7.786,0,0.0576,1,137.972,4,https://api.spotify.com/v1/tracks/3ebXMykcMXOcLeJ9xZ17XH,audio_features,spotify:track:3ebXMykcMXOcLeJ9xZ17XH,0.195
0.0987,https://api.spotify.com/v1/audio-analysis/7pYFPMeK0TnaTGdS6qOtEr,0.372,200029,0.919,7pYFPMeK0TnaTGdS6qOtEr,0.0,11,0.234,-1.68,0,0.3,1,182.785,4,https://api.spotify.com/v1/tracks/7pYFPMeK0TnaTGdS6qOtEr,audio_features,spotify:track:7pYFPMeK0TnaTGdS6qOtEr,0.419
0.579,https://api.spotify.com/v1/audio-analysis/0y1QJc3SJVPKJ1OvFmFqe6,0.489,213707,0.505,0y1QJc3SJVPKJ1OvFmFqe6,0.000333,10,0.104,-8.022,0,0.117,1,163.255,4,https://api.spotify.com/v1/tracks/0y1QJc3SJVPKJ1OvFmFqe6,audio_features,spotify:track:0y1QJc3SJVPKJ1OvFmFqe6,0.337
0.00708,https://api.spotify.com/v1/audio-analysis/4bRfMTaUtQn1QvowPx47ZD,0.428,254347,0.819,4bRfMTaUtQn1QvowPx47ZD,3.02e-05,0,0.325,-9.108,1,0.137,1,148.926,4,https://api.spotify.com/v1/tracks/4bRfMTaUtQn1QvowPx47ZD,audio_features,spotify:track:4bRfMTaUtQn1QvowPx47ZD,0.728
0.404,https://api.spotify.com/v1/audio-analysis/48GBbQiTSlXX5i0cn3iIiJ,0.759,212627,0.83,48GBbQiTSlXX5i0cn3iIiJ,0.0,0,0.105,-3.633,1,0.127,1,104.994,4,https://api.spotify.com/v1/tracks/48GBbQiTSlXX5i0cn3iIiJ,audio_features,spotify:track:48GBbQiTSlXX5i0cn3iIiJ,0.643
0.00222,https://api.spotify.com/v1/audio-analysis/5DEp4UmhxN7OLnYQacWZhh,0.531,200733,0.786,5DEp4UmhxN7OLnYQacWZhh,0.000316,5,0.132,-6.661,1,0.243,1,169.892,4,https://api.spotify.com/v1/tracks/5DEp4UmhxN7OLnYQacWZhh,audio_features,spotify:track:5DEp4UmhxN7OLnYQacWZhh,0.244
0.116,https://api.spotify.com/v1/audio-analysis/7f08qp3HROTkfrtNpiYGGo,0.685,201893,0.783,7f08qp3HROTkfrtNpiYGGo,0.0,11,0.194,-4.152,1,0.0276,1,90.008,4,https://api.spotify.com/v1/tracks/7f08qp3HROTkfrtNpiYGGo,audio_features,spotify:track:7f08qp3HROTkfrtNpiYGGo,0.525
0.0496,https://api.spotify.com/v1/audio-analysis/48tAdjG4ng2JfECa7OQujk,0.511,187760,0.812,48tAdjG4ng2JfECa7OQujk,1.64e-06,6,0.0829,-4.763,0,0.0464,1,81.992,4,https://api.spotify.com/v1/tracks/48tAdjG4ng2JfECa7OQujk,audio_features,spotify:track:48tAdjG4ng2JfECa7OQujk,0.692
0.0533,https://api.spotify.com/v1/audio-analysis/72Q0FQQo32KJloivv5xge2,0.599,288877,0.667,72Q0FQQo32KJloivv5xge2,0.0,7,0.134,-4.267,1,0.0367,1,80.984,4,https://api.spotify.com/v1/tracks/72Q0FQQo32KJloivv5xge2,audio_features,spotify:track:72Q0FQQo32KJloivv5xge2,0.817
0.075,https://api.spotify.com/v1/audio-analysis/6kex4EBAj0WHXDKZMEJaaF,0.696,216409,0.817,6kex4EBAj0WHXDKZMEJaaF,0.0,1,0.187,-3.862,1,0.109,1,98.064,4,https://api.spotify.com/v1/tracks/6kex4EBAj0WHXDKZMEJaaF,audio_features,spotify:track:6kex4EBAj0WHXDKZMEJaaF,0.782
0.00025,https://api.spotify.com/v1/audio-analysis/18oWEPapjNt32E6sCM6VLb,0.56,221000,0.901,18oWEPapjNt32E6sCM6VLb,0.134,8,0.299,-4.481,0,0.032,1,132.009,4,https://api.spotify.com/v1/tracks/18oWEPapjNt32E6sCM6VLb,audio_features,spotify:track:18oWEPapjNt32E6sCM6VLb,0.807
0.00925,https://api.spotify.com/v1/audio-analysis/2idmlkd8oUaQvYEtINpLBX,0.752,383547,0.629,2idmlkd8oUaQvYEtINpLBX,0.26,1,0.0745,-3.913,0,0.0886,1,131.99,4,https://api.spotify.com/v1/tracks/2idmlkd8oUaQvYEtINpLBX,audio_features,spotify:track:2idmlkd8oUaQvYEtINpLBX,0.76
0.0417,https://api.spotify.com/v1/audio-analysis/05KfyCEE6otdlT1pp2VIjP,0.772,203782,0.775,05KfyCEE6otdlT1pp2VIjP,0.0,10,0.226,-4.388,0,0.112,1,124.978,4,https://api.spotify.com/v1/tracks/05KfyCEE6otdlT1pp2VIjP,audio_features,spotify:track:05KfyCEE6otdlT1pp2VIjP,0.748
0.000449,https://api.spotify.com/v1/audio-analysis/7AsqUKKbPMxOFNIbRLBxHt,0.543,195307,0.919,7AsqUKKbPMxOFNIbRLBxHt,0.0,1,0.243,-4.831,0,0.0415,1,125.022,4,https://api.spotify.com/v1/tracks/7AsqUKKbPMxOFNIbRLBxHt,audio_features,spotify:track:7AsqUKKbPMxOFNIbRLBxHt,0.498
0.0353,https://api.spotify.com/v1/audio-analysis/3n2A6l4UayVe3GGKCvfQWV,0.488,165173,0.744,3n2A6l4UayVe3GGKCvfQWV,0.0,2,0.0952,-4.284,0,0.131,1,180.007,4,https://api.spotify.com/v1/tracks/3n2A6l4UayVe3GGKCvfQWV,audio_features,spotify:track:3n2A6l4UayVe3GGKCvfQWV,0.59
0.27,https://api.spotify.com/v1/audio-analysis/2lFtnEmkIPm2ClN55e2chV,0.663,211160,0.656,2lFtnEmkIPm2ClN55e2chV,0.000279,1,0.117,-6.548,1,0.0413,1,120.037,4,https://api.spotify.com/v1/tracks/2lFtnEmkIPm2ClN55e2chV,audio_features,spotify:track:2lFtnEmkIPm2ClN55e2chV,0.56
0.208,https://api.spotify.com/v1/audio-analysis/4n0xztUAbHPUV8G3NQvF30,0.501,192000,0.836,4n0xztUAbHPUV8G3NQvF30,0.0,11,0.152,-3.587,0,0.0491,1,159.863,4,https://api.spotify.com/v1/tracks/4n0xztUAbHPUV8G3NQvF30,audio_features,spotify:track:4n0xztUAbHPUV8G3NQvF30,0.618
0.38,https://api.spotify.com/v1/audio-analysis/7JJmb5XwzOO8jgpou264Ml,0.866,199440,0.813,7JJmb5XwzOO8jgpou264Ml,0.0,11,0.0779,-4.063,0,0.0554,1,121.998,4,https://api.spotify.com/v1/tracks/7JJmb5XwzOO8jgpou264Ml,audio_features,spotify:track:7JJmb5XwzOO8jgpou264Ml,0.969
0.054,https://api.spotify.com/v1/audio-analysis/39iBnqMJUlA6aHbfLFEf7B,0.651,194893,0.808,39iBnqMJUlA6aHbfLFEf7B,0.0,1,0.0482,-4.731,0,0.0435,1,100.993,4,https://api.spotify.com/v1/tracks/39iBnqMJUlA6aHbfLFEf7B,audio_features,spotify:track:39iBnqMJUlA6aHbfLFEf7B,0.858
0.011,https://api.spotify.com/v1/audio-analysis/1z5jOmNswvnzjC5gFLu5Dv,0.532,187958,0.868,1z5jOmNswvnzjC5gFLu5Dv,0.0,3,0.0584,-4.23,0,0.0908,1,110.127,4,https://api.spotify.com/v1/tracks/1z5jOmNswvnzjC5gFLu5Dv,audio_features,spotify:track:1z5jOmNswvnzjC5gFLu5Dv,0.529
0.00756,https://api.spotify.com/v1/audio-analysis/7lqsmY0ifoZsqBU6DpbCIq,0.654,203680,0.734,7lqsmY0ifoZsqBU6DpbCIq,2.82e-05,1,0.0659,-4.848,0,0.0753,1,119.842,4,https://api.spotify.com/v1/tracks/7lqsmY0ifoZsqBU6DpbCIq,audio_features,spotify:track:7lqsmY0ifoZsqBU6DpbCIq,0.133
0.0595,https://api.spotify.com/v1/audio-analysis/5qRRiqndqXaq2QBudIrkYU,0.456,204093,0.874,5qRRiqndqXaq2QBudIrkYU,1.12e-05,10,0.111,-4.129,0,0.114,1,200.179,4,https://api.spotify.com/v1/tracks/5qRRiqndqXaq2QBudIrkYU,audio_features,spotify:track:5qRRiqndqXaq2QBudIrkYU,0.5
0.0293,https://api.spotify.com/v1/audio-analysis/0Lf5evFei2z92kAxQzapy7,0.517,219347,0.935,0Lf5evFei2z92kAxQzapy7,2.3e-06,6,0.531,-3.848,0,0.12,1,128.036,4,https://api.spotify.com/v1/tracks/0Lf5evFei2z92kAxQzapy7,audio_features,spotify:track:0Lf5evFei2z92kAxQzapy7,0.326
0.00777,https://api.spotify.com/v1/audio-analysis/01ybS1aH9xzwQf68kYHOtC,0.629,190560,0.87,01ybS1aH9xzwQf68kYHOtC,4.1e-06,8,0.125,-4.139,1,0.048,1,112.089,4,https://api.spotify.com/v1/tracks/01ybS1aH9xzwQf68kYHOtC,audio_features,spotify:track:01ybS1aH9xzwQf68kYHOtC,0.694
0.221,https://api.spotify.com/v1/audio-analysis/4A6IgELhUNZIJ38kMUB4pC,0.554,220573,0.872,4A6IgELhUNZIJ38kMUB4pC,0.0,6,0.0638,-2.849,1,0.0897,1,172.196,4,https://api.spotify.com/v1/tracks/4A6IgELhUNZIJ38kMUB4pC,audio_features,spotify:track:4A6IgELhUNZIJ38kMUB4pC,0.657
0.129,https://api.spotify.com/v1/audio-analysis/2oY0ZvqUQ7gAlpibNigfLZ,0.419,183440,0.836,2oY0ZvqUQ7gAlpibNigfLZ,0.0,6,0.0508,-3.007,1,0.0377,1,180.944,4,https://api.spotify.com/v1/tracks/2oY0ZvqUQ7gAlpibNigfLZ,audio_features,spotify:track:2oY0ZvqUQ7gAlpibNigfLZ,0.513
0.0174,https://api.spotify.com/v1/audio-analysis/4iKllrl3J1GMiFocU57cN4,0.414,284973,0.902,4iKllrl3J1GMiFocU57cN4,7.52e-06,0,0.313,-4.256,0,0.0669,1,176.926,4,https://api.spotify.com/v1/tracks/4iKllrl3J1GMiFocU57cN4,audio_features,spotify:track:4iKllrl3J1GMiFocU57cN4,0.532
0.0489,https://api.spotify.com/v1/audio-analysis/5aPGxR67OwJmu1eEsErW5e,0.567,194507,0.839,5aPGxR67OwJmu1eEsErW5e,0.0,6,0.103,-4.048,0,0.0698,1,160.062,4,https://api.spotify.com/v1/tracks/5aPGxR67OwJmu1eEsErW5e,audio_features,spotify:track:5aPGxR67OwJmu1eEsErW5e,0.903
0.0207,https://api.spotify.com/v1/audio-analysis/5zwKfokZAwe4kz68lEHtUf,0.434,195307,0.921,5zwKfokZAwe4kz68lEHtUf,0.00209,10,0.116,-2.248,0,0.0688,1,171.945,4,https://api.spotify.com/v1/tracks/5zwKfokZAwe4kz68lEHtUf,audio_features,spotify:track:5zwKfokZAwe4kz68lEHtUf,0.426
0.00472,https://api.spotify.com/v1/audio-analysis/30wEpY339lJXMEP7gDTypY,0.499,190427,0.797,30wEpY339lJXMEP7gDTypY,0.0,2,0.297,-4.845,1,0.0402,1,85.054,4,https://api.spotify.com/v1/tracks/30wEpY339lJXMEP7gDTypY,audio_features,spotify:track:30wEpY339lJXMEP7gDTypY,0.591
0.228,https://api.spotify.com/v1/audio-analysis/6rPO02ozF3bM7NnOV4h6s2,0.653,228827,0.816,6rPO02ozF3bM7NnOV4h6s2,0.0,2,0.0967,-4.353,1,0.167,1,178.086,4,https://api.spotify.com/v1/tracks/6rPO02ozF3bM7NnOV4h6s2,audio_features,spotify:track:6rPO02ozF3bM7NnOV4h6s2,0.816
0.621,https://api.spotify.com/v1/audio-analysis/37FXw5QGFN7uwwsLy8uAc0,0.728,217707,0.563,37FXw5QGFN7uwwsLy8uAc0,0.0,1,0.179,-8.053,0,0.134,1,100.017,4,https://api.spotify.com/v1/tracks/37FXw5QGFN7uwwsLy8uAc0,audio_features,spotify:track:37FXw5QGFN7uwwsLy8uAc0,0.352
0.0453,https://api.spotify.com/v1/audio-analysis/7rfiXyFb5M9BqdkvKvVEiB,0.728,228707,0.811,7rfiXyFb5M9BqdkvKvVEiB,2.07e-06,7,0.362,-4.278,1,0.0564,1,114.995,4,https://api.spotify.com/v1/tracks/7rfiXyFb5M9BqdkvKvVEiB,audio_features,spotify:track:7rfiXyFb5M9BqdkvKvVEiB,0.705
0.0832,https://api.spotify.com/v1/audio-analysis/1Zs3SI3r5zp7nnFl8McLNQ,0.716,167262,0.48,1Zs3SI3r5zp7nnFl8McLNQ,0.0,9,0.233,-7.723,1,0.142,1,101.192,4,https://api.spotify.com/v1/tracks/1Zs3SI3r5zp7nnFl8McLNQ,audio_features,spotify:track:1Zs3SI3r5zp7nnFl8McLNQ,0.5
0.22,https://api.spotify.com/v1/audio-analysis/4Ro98RCK90oHqqSZUnTFq5,0.874,204502,0.497,4Ro98RCK90oHqqSZUnTFq5,0.0,6,0.0761,-5.484,1,0.0562,1,106.023,4,https://api.spotify.com/v1/tracks/4Ro98RCK90oHqqSZUnTFq5,audio_features,spotify:track:4Ro98RCK90oHqqSZUnTFq5,0.542
0.000907,https://api.spotify.com/v1/audio-analysis/6zLdXcmvIxnAXpz9sXFnIE,0.612,227373,0.841,6zLdXcmvIxnAXpz9sXFnIE,0.0,9,0.37,-3.795,0,0.0353,1,104.986,4,https://api.spotify.com/v1/tracks/6zLdXcmvIxnAXpz9sXFnIE,audio_features,spotify:track:6zLdXcmvIxnAXpz9sXFnIE,0.499
0.00434,https://api.spotify.com/v1/audio-analysis/0WyFpxYlBCgH1gMXd26OOr,0.555,177067,0.896,0WyFpxYlBCgH1gMXd26OOr,0.0,0,0.145,-3.295,1,0.0388,1,114.995,4,https://api.spotify.com/v1/tracks/0WyFpxYlBCgH1gMXd26OOr,audio_features,spotify:track:0WyFpxYlBCgH1gMXd26OOr,0.578
0.334,https://api.spotify.com/v1/audio-analysis/1SJtlNRJDeYHioymcvsqev,0.334,216391,0.617,1SJtlNRJDeYHioymcvsqev,0.0,6,0.163,-5.834,0,0.383,1,85.227,4,https://api.spotify.com/v1/tracks/1SJtlNRJDeYHioymcvsqev,audio_features,spotify:track:1SJtlNRJDeYHioymcvsqev,0.603
0.0876,https://api.spotify.com/v1/audio-analysis/0kMV2fsqzJmhGnqQgvt7MK,0.619,222213,0.876,0kMV2fsqzJmhGnqQgvt7MK,8.98e-06,2,0.0865,-4.783,1,0.042,1,124.985,4,https://api.spotify.com/v1/tracks/0kMV2fsqzJmhGnqQgvt7MK,audio_features,spotify:track:0kMV2fsqzJmhGnqQgvt7MK,0.89
0.0188,https://api.spotify.com/v1/audio-analysis/7kJlTKjNZVT26iwiDUVhRm,0.654,178583,0.796,7kJlTKjNZVT26iwiDUVhRm,0.0,2,0.0948,-4.761,0,0.122,1,108.854,4,https://api.spotify.com/v1/tracks/7kJlTKjNZVT26iwiDUVhRm,audio_features,spotify:track:7kJlTKjNZVT26iwiDUVhRm,0.491
0.0792,https://api.spotify.com/v1/audio-analysis/34oB5r0lcN3fYWCs2uA1k5,0.697,211364,0.506,34oB5r0lcN3fYWCs2uA1k5,0.0,8,0.0893,-4.863,1,0.0325,1,100.002,4,https://api.spotify.com/v1/tracks/34oB5r0lcN3fYWCs2uA1k5,audio_features,spotify:track:34oB5r0lcN3fYWCs2uA1k5,0.516
0.00588,https://api.spotify.com/v1/audio-analysis/1O1TsP095iFZqdrM5EgMjy,0.619,215277,0.685,1O1TsP095iFZqdrM5EgMjy,0.428,5,0.281,-5.415,0,0.0265,1,116.0,4,https://api.spotify.com/v1/tracks/1O1TsP095iFZqdrM5EgMjy,audio_features,spotify:track:1O1TsP095iFZqdrM5EgMjy,0.347
0.0802,https://api.spotify.com/v1/audio-analysis/3MO8BjfBXKGn3e3K9D0jix,0.722,359098,0.712,3MO8BjfBXKGn3e3K9D0jix,0.0,6,0.11,-6.099,0,0.0323,1,114.997,4,https://api.spotify.com/v1/tracks/3MO8BjfBXKGn3e3K9D0jix,audio_features,spotify:track:3MO8BjfBXKGn3e3K9D0jix,0.591
0.00898,https://api.spotify.com/v1/audio-analysis/7zVCrzzEJU7u24sbJPXA5W,0.612,188253,0.799,7zVCrzzEJU7u24sbJPXA5W,0.0,10,0.172,-4.603,1,0.0275,1,125.976,4,https://api.spotify.com/v1/tracks/7zVCrzzEJU7u24sbJPXA5W,audio_features,spotify:track:7zVCrzzEJU7u24sbJPXA5W,0.687
0.194,https://api.spotify.com/v1/audio-analysis/6HTJZ0TQJVMSKkUGzAOe2h,0.805,321649,0.858,6HTJZ0TQJVMSKkUGzAOe2h,7.89e-06,0,0.256,-3.067,1,0.105,1,97.033,4,https://api.spotify.com/v1/tracks/6HTJZ0TQJVMSKkUGzAOe2h,audio_features,spotify:track:6HTJZ0TQJVMSKkUGzAOe2h,0.523
0.0304,https://api.spotify.com/v1/audio-analysis/5OUSPcqhYTOzpbXzoEvKim,0.681,184040,0.845,5OUSPcqhYTOzpbXzoEvKim,0.0,11,0.197,-5.147,0,0.0525,1,132.023,4,https://api.spotify.com/v1/tracks/5OUSPcqhYTOzpbXzoEvKim,audio_features,spotify:track:5OUSPcqhYTOzpbXzoEvKim,0.761
0.0438,https://api.spotify.com/v1/audio-analysis/3kb72STxc2959ZqsTwu52i,0.634,175493,0.849,3kb72STxc2959ZqsTwu52i,0.0,0,0.363,-7.075,1,0.105,1,156.004,4,https://api.spotify.com/v1/tracks/3kb72STxc2959ZqsTwu52i,audio_features,spotify:track:3kb72STxc2959ZqsTwu52i,0.919
0.0572,https://api.spotify.com/v1/audio-analysis/5lNuqFVMca4vPupY10cH0J,0.739,222787,0.619,5lNuqFVMca4vPupY10cH0J,0.0,10,0.105,-6.669,1,0.162,1,112.961,4,https://api.spotify.com/v1/tracks/5lNuqFVMca4vPupY10cH0J,audio_features,spotify:track:5lNuqFVMca4vPupY10cH0J,0.58
0.104,https://api.spotify.com/v1/audio-analysis/0XjXQDJpajDzCdpazp1562,0.645,187320,0.843,0XjXQDJpajDzCdpazp1562,0.0,0,0.249,-4.072,1,0.0475,1,92.357,3,https://api.spotify.com/v1/tracks/0XjXQDJpajDzCdpazp1562,audio_features,spotify:track:0XjXQDJpajDzCdpazp1562,0.534
0.23,https://api.spotify.com/v1/audio-analysis/762UXiwEHYY97VL45sAUPR,0.542,194907,0.654,762UXiwEHYY97VL45sAUPR,0.0,8,0.241,-5.862,0,0.0537,1,144.971,4,https://api.spotify.com/v1/tracks/762UXiwEHYY97VL45sAUPR,audio_features,spotify:track:762UXiwEHYY97VL45sAUPR,0.563
0.0241,https://api.spotify.com/v1/audio-analysis/2TPTNQ98FqAFjD5LjhHOgg,0.586,211960,0.92,2TPTNQ98FqAFjD5LjhHOgg,6.32e-06,7,0.173,-3.749,1,0.064,1,100.023,4,https://api.spotify.com/v1/tracks/2TPTNQ98FqAFjD5LjhHOgg,audio_features,spotify:track:2TPTNQ98FqAFjD5LjhHOgg,0.639
0.000763,https://api.spotify.com/v1/audio-analysis/2BmmerBT9IBJa5opCVj4ho,0.532,209040,0.947,2BmmerBT9IBJa5opCVj4ho,0.0,7,0.338,-3.686,1,0.0877,1,137.988,4,https://api.spotify.com/v1/tracks/2BmmerBT9IBJa5opCVj4ho,audio_features,spotify:track:2BmmerBT9IBJa5opCVj4ho,0.481
0.0343,https://api.spotify.com/v1/audio-analysis/7oizkVPKiJYU5CyTjrcVp0,0.576,194173,0.865,7oizkVPKiJYU5CyTjrcVp0,5.32e-05,0,0.252,-3.288,1,0.0407,1,119.913,4,https://api.spotify.com/v1/tracks/7oizkVPKiJYU5CyTjrcVp0,audio_features,spotify:track:7oizkVPKiJYU5CyTjrcVp0,0.535
0.231,https://api.spotify.com/v1/audio-analysis/2WaOQWSv0D1tZNxyLvnGAI,0.589,194413,0.809,2WaOQWSv0D1tZNxyLvnGAI,0.0,3,0.0719,-5.292,1,0.0376,1,88.965,4,https://api.spotify.com/v1/tracks/2WaOQWSv0D1tZNxyLvnGAI,audio_features,spotify:track:2WaOQWSv0D1tZNxyLvnGAI,0.496
0.00166,https://api.spotify.com/v1/audio-analysis/08wJ1B9yu9sPeoRa5fbpr3,0.735,216800,0.831,08wJ1B9yu9sPeoRa5fbpr3,0.217,9,0.291,-5.898,1,0.0332,1,123.017,4,https://api.spotify.com/v1/tracks/08wJ1B9yu9sPeoRa5fbpr3,audio_features,spotify:track:08wJ1B9yu9sPeoRa5fbpr3,0.756
0.0208,https://api.spotify.com/v1/audio-analysis/46aXcs2gSheBtZibRfwRzh,0.596,216319,0.745,46aXcs2gSheBtZibRfwRzh,3.63e-06,0,0.209,-4.314,0,0.0358,1,81.064,4,https://api.spotify.com/v1/tracks/46aXcs2gSheBtZibRfwRzh,audio_features,spotify:track:46aXcs2gSheBtZibRfwRzh,0.595
0.085,https://api.spotify.com/v1/audio-analysis/1p80LdxRV74UKvL8gnD7ky,0.752,231827,0.678,1p80LdxRV74UKvL8gnD7ky,1.64e-06,5,0.13,-5.421,1,0.0646,1,96.009,4,https://api.spotify.com/v1/tracks/1p80LdxRV74UKvL8gnD7ky,audio_features,spotify:track:1p80LdxRV74UKvL8gnD7ky,0.583
0.0871,https://api.spotify.com/v1/audio-analysis/273dCMFseLcVsoSWx59IoE,0.652,211933,0.802,273dCMFseLcVsoSWx59IoE,6.45e-06,7,0.148,-6.114,1,0.181,1,170.157,4,https://api.spotify.com/v1/tracks/273dCMFseLcVsoSWx59IoE,audio_features,spotify:track:273dCMFseLcVsoSWx59IoE,0.295
0.0709,https://api.spotify.com/v1/audio-analysis/59HjlYCeBsxdI0fcm3zglw,0.553,220440,0.664,59HjlYCeBsxdI0fcm3zglw,0.0056,8,0.106,-7.417,1,0.0741,1,140.06,4,https://api.spotify.com/v1/tracks/59HjlYCeBsxdI0fcm3zglw,audio_features,spotify:track:59HjlYCeBsxdI0fcm3zglw,0.467
0.00196,https://api.spotify.com/v1/audio-analysis/0dAb8TY433dl3ZfXYCLE19,0.602,193293,0.735,0dAb8TY433dl3ZfXYCLE19,4.77e-05,5,0.105,-5.778,1,0.0337,1,96.969,4,https://api.spotify.com/v1/tracks/0dAb8TY433dl3ZfXYCLE19,audio_features,spotify:track:0dAb8TY433dl3ZfXYCLE19,0.472
0.00577,https://api.spotify.com/v1/audio-analysis/0ciHz919LVKoH4zgxyMPZ9,0.599,217973,0.466,0ciHz919LVKoH4zgxyMPZ9,1.25e-06,6,0.0434,-6.756,1,0.0394,1,154.031,4,https://api.spotify.com/v1/tracks/0ciHz919LVKoH4zgxyMPZ9,audio_features,spotify:track:0ciHz919LVKoH4zgxyMPZ9,0.647
0.231,https://api.spotify.com/v1/audio-analysis/3jBMHD19RZdAqG9iFQh7xc,0.595,195707,0.763,3jBMHD19RZdAqG9iFQh7xc,0.0,0,0.2,-4.991,1,0.0661,1,159.959,4,https://api.spotify.com/v1/tracks/3jBMHD19RZdAqG9iFQh7xc,audio_features,spotify:track:3jBMHD19RZdAqG9iFQh7xc,0.507
0.0288,https://api.spotify.com/v1/audio-analysis/0EQMEfWWlq47NKw6r4ZBEF,0.715,249252,0.613,0EQMEfWWlq47NKw6r4ZBEF,0.0,2,0.235,-5.295,1,0.0435,1,93.012,4,https://api.spotify.com/v1/tracks/0EQMEfWWlq47NKw6r4ZBEF,audio_features,spotify:track:0EQMEfWWlq47NKw6r4ZBEF,0.44
0.0412,https://api.spotify.com/v1/audio-analysis/44fouNXjaqIoI6PVgiGQqw,0.368,255853,0.692,44fouNXjaqIoI6PVgiGQqw,7.65e-06,10,0.299,-5.38,1,0.0447,1,111.01,4,https://api.spotify.com/v1/tracks/44fouNXjaqIoI6PVgiGQqw,audio_features,spotify:track:44fouNXjaqIoI6PVgiGQqw,0.0476
0.633,https://api.spotify.com/v1/audio-analysis/6Wiyd7AsRdXvXGrxNkbqQ1,0.738,241440,0.562,6Wiyd7AsRdXvXGrxNkbqQ1,0.0,0,0.102,-5.435,0,0.0347,1,127.452,3,https://api.spotify.com/v1/tracks/6Wiyd7AsRdXvXGrxNkbqQ1,audio_features,spotify:track:6Wiyd7AsRdXvXGrxNkbqQ1,0.476
0.00261,https://api.spotify.com/v1/audio-analysis/2ekn2ttSfGqwhhate0LSR0,0.762,209320,0.7,2ekn2ttSfGqwhhate0LSR0,1.56e-05,9,0.153,-6.021,0,0.0694,1,116.073,4,https://api.spotify.com/v1/tracks/2ekn2ttSfGqwhhate0LSR0,audio_features,spotify:track:2ekn2ttSfGqwhhate0LSR0,0.608
0.274,https://api.spotify.com/v1/audio-analysis/0TGTE9TEh9qzuFwmtRNICn,0.726,214280,0.484,0TGTE9TEh9qzuFwmtRNICn,2.44e-06,2,0.0874,-6.707,0,0.0477,1,62.493,4,https://api.spotify.com/v1/tracks/0TGTE9TEh9qzuFwmtRNICn,audio_features,spotify:track:0TGTE9TEh9qzuFwmtRNICn,0.561
0.00307,https://api.spotify.com/v1/audio-analysis/6c9xVWbPeVPgrmWTYYeMTr,0.531,221000,0.756,6c9xVWbPeVPgrmWTYYeMTr,1.73e-06,6,0.073,-5.194,0,0.0371,1,118.954,4,https://api.spotify.com/v1/tracks/6c9xVWbPeVPgrmWTYYeMTr,audio_features,spotify:track:6c9xVWbPeVPgrmWTYYeMTr,0.299
0.00609,https://api.spotify.com/v1/audio-analysis/566ASFGhRiIkLU3wCOOVnx,0.616,170823,0.569,566ASFGhRiIkLU3wCOOVnx,3.87e-06,0,0.316,-6.416,0,0.0305,1,85.009,4,https://api.spotify.com/v1/tracks/566ASFGhRiIkLU3wCOOVnx,audio_features,spotify:track:566ASFGhRiIkLU3wCOOVnx,0.491
0.128,https://api.spotify.com/v1/audio-analysis/1OmcAT5Y8eg5bUPv9qJT4R,0.58,218320,0.531,1OmcAT5Y8eg5bUPv9qJT4R,0.000127,5,0.143,-6.631,0,0.0776,1,159.786,4,https://api.spotify.com/v1/tracks/1OmcAT5Y8eg5bUPv9qJT4R,audio_features,spotify:track:1OmcAT5Y8eg5bUPv9qJT4R,0.141
0.0091,https://api.spotify.com/v1/audio-analysis/5yZvaUVyuXfSVUaMumFi6l,0.318,213019,0.838,5yZvaUVyuXfSVUaMumFi6l,8.51e-05,6,0.451,-6.039,1,0.0793,1,140.005,4,https://api.spotify.com/v1/tracks/5yZvaUVyuXfSVUaMumFi6l,audio_features,spotify:track:5yZvaUVyuXfSVUaMumFi6l,0.0668
0.0604,https://api.spotify.com/v1/audio-analysis/7y9iMe8SOB6z3NoHE2OfXl,0.675,181279,0.751,7y9iMe8SOB6z3NoHE2OfXl,0.0,0,0.0893,-3.539,1,0.0296,1,118.384,4,https://api.spotify.com/v1/tracks/7y9iMe8SOB6z3NoHE2OfXl,audio_features,spotify:track:7y9iMe8SOB6z3NoHE2OfXl,0.612
0.189,https://api.spotify.com/v1/audio-analysis/32DGGj6KlNuBr6WaqRxpxi,0.849,198237,0.581,32DGGj6KlNuBr6WaqRxpxi,3.61e-06,1,0.0805,-5.243,0,0.0767,1,110.008,4,https://api.spotify.com/v1/tracks/32DGGj6KlNuBr6WaqRxpxi,audio_features,spotify:track:32DGGj6KlNuBr6WaqRxpxi,0.779
0.0534,https://api.spotify.com/v1/audio-analysis/4gWTBq5Jftq5CEKYpLXD8R,0.434,206413,0.764,4gWTBq5Jftq5CEKYpLXD8R,0.0,5,0.437,-3.45,1,0.0299,1,51.316,4,https://api.spotify.com/v1/tracks/4gWTBq5Jftq5CEKYpLXD8R,audio_features,spotify:track:4gWTBq5Jftq5CEKYpLXD8R,0.309
0.0179,https://api.spotify.com/v1/audio-analysis/4ipnJyDU3Lq15qBAYNqlqK,0.774,189440,0.687,4ipnJyDU3Lq15qBAYNqlqK,1.17e-05,11,0.128,-4.818,0,0.0584,1,104.959,4,https://api.spotify.com/v1/tracks/4ipnJyDU3Lq15qBAYNqlqK,audio_features,spotify:track:4ipnJyDU3Lq15qBAYNqlqK,0.308
0.129,https://api.spotify.com/v1/audio-analysis/0tBbt8CrmxbjRP0pueQkyU,0.72,197993,0.807,0tBbt8CrmxbjRP0pueQkyU,0.0,11,0.183,-4.59,0,0.0432,1,124.946,4,https://api.spotify.com/v1/tracks/0tBbt8CrmxbjRP0pueQkyU,audio_features,spotify:track:0tBbt8CrmxbjRP0pueQkyU,0.305
0.0539,https://api.spotify.com/v1/audio-analysis/13Oda4GsHXzRAfquxWkrzA,0.661,221413,0.959,13Oda4GsHXzRAfquxWkrzA,1.74e-05,7,0.381,-4.439,1,0.0408,1,116.284,4,https://api.spotify.com/v1/tracks/13Oda4GsHXzRAfquxWkrzA,audio_features,spotify:track:13Oda4GsHXzRAfquxWkrzA,0.96
0.0207,https://api.spotify.com/v1/audio-analysis/3bzE57iNavJJxXL9GgBiOK,0.434,195307,0.921,3bzE57iNavJJxXL9GgBiOK,0.00209,10,0.116,-2.248,0,0.0688,1,171.945,4,https://api.spotify.com/v1/tracks/3bzE57iNavJJxXL9GgBiOK,audio_features,spotify:track:3bzE57iNavJJxXL9GgBiOK,0.426
0.0402,https://api.spotify.com/v1/audio-analysis/1Fwq8CS8ahCogcifRcDkMI,0.574,188000,0.881,1Fwq8CS8ahCogcifRcDkMI,0.0,2,0.125,-4.58,1,0.0433,1,151.874,4,https://api.spotify.com/v1/tracks/1Fwq8CS8ahCogcifRcDkMI,audio_features,spotify:track:1Fwq8CS8ahCogcifRcDkMI,0.83
0.0339,https://api.spotify.com/v1/audio-analysis/0mMR63GfhjpxT02rIdq5Mz,0.447,224067,0.896,0mMR63GfhjpxT02rIdq5Mz,0.0,9,0.882,-5.57,1,0.173,1,173.852,4,https://api.spotify.com/v1/tracks/0mMR63GfhjpxT02rIdq5Mz,audio_features,spotify:track:0mMR63GfhjpxT02rIdq5Mz,0.533
0.0889,https://api.spotify.com/v1/audio-analysis/1vD4DN56ued7pQklJBDesw,0.518,165693,0.906,1vD4DN56ued7pQklJBDesw,0.0,9,0.309,-2.845,1,0.0573,1,174.099,4,https://api.spotify.com/v1/tracks/1vD4DN56ued7pQklJBDesw,audio_features,spotify:track:1vD4DN56ued7pQklJBDesw,0.751
0.0984,https://api.spotify.com/v1/audio-analysis/2vz1CsL5WBsbpBcwgboTAw,0.583,226827,0.905,2vz1CsL5WBsbpBcwgboTAw,0.00019,2,0.0593,-6.132,1,0.0733,1,173.982,4,https://api.spotify.com/v1/tracks/2vz1CsL5WBsbpBcwgboTAw,audio_features,spotify:track:2vz1CsL5WBsbpBcwgboTAw,0.646
0.0715,https://api.spotify.com/v1/audio-analysis/6waqLPcT6ruMhmd36OhmFO,0.584,178253,0.621,6waqLPcT6ruMhmd36OhmFO,1.68e-06,1,0.389,-5.703,1,0.0443,1,92.003,4,https://api.spotify.com/v1/tracks/6waqLPcT6ruMhmd36OhmFO,audio_features,spotify:track:6waqLPcT6ruMhmd36OhmFO,0.634
0.0283,https://api.spotify.com/v1/audio-analysis/4ZJPwET9Jrgpkqi4Vo3Yg8,0.656,197253,0.615,4ZJPwET9Jrgpkqi4Vo3Yg8,0.0,5,0.234,-6.252,1,0.0539,1,139.91,4,https://api.spotify.com/v1/tracks/4ZJPwET9Jrgpkqi4Vo3Yg8,audio_features,spotify:track:4ZJPwET9Jrgpkqi4Vo3Yg8,0.366
0.00236,https://api.spotify.com/v1/audio-analysis/2rtaCqqM8hotwXKThsbKWb,0.545,221907,0.802,2rtaCqqM8hotwXKThsbKWb,1.02e-05,9,0.3,-5.126,0,0.0337,1,127.963,4,https://api.spotify.com/v1/tracks/2rtaCqqM8hotwXKThsbKWb,audio_features,spotify:track:2rtaCqqM8hotwXKThsbKWb,0.463
0.298,https://api.spotify.com/v1/audio-analysis/52okn5MNA47tk87PeZJLEL,0.656,212120,0.721,52okn5MNA47tk87PeZJLEL,0.0,5,0.173,-5.665,0,0.122,1,148.066,4,https://api.spotify.com/v1/tracks/52okn5MNA47tk87PeZJLEL,audio_features,spotify:track:52okn5MNA47tk87PeZJLEL,0.468
0.0613,https://api.spotify.com/v1/audio-analysis/2iVQMhKnFZqomOhcGv340f,0.559,214875,0.606,2iVQMhKnFZqomOhcGv340f,0.0,0,0.095,-6.857,1,0.0321,1,79.98,4,https://api.spotify.com/v1/tracks/2iVQMhKnFZqomOhcGv340f,audio_features,spotify:track:2iVQMhKnFZqomOhcGv340f,0.503
0.0534,https://api.spotify.com/v1/audio-analysis/5k38wzpLb15YgncyWdTZE4,0.589,268867,0.731,5k38wzpLb15YgncyWdTZE4,0.0,2,0.308,-6.343,1,0.0868,1,87.908,4,https://api.spotify.com/v1/tracks/5k38wzpLb15YgncyWdTZE4,audio_features,spotify:track:5k38wzpLb15YgncyWdTZE4,0.191
0.17,https://api.spotify.com/v1/audio-analysis/5UEnHoDYpsxlfzWLZIc7LD,0.757,221013,0.748,5UEnHoDYpsxlfzWLZIc7LD,0.0,8,0.0759,-5.794,0,0.473,1,90.052,4,https://api.spotify.com/v1/tracks/5UEnHoDYpsxlfzWLZIc7LD,audio_features,spotify:track:5UEnHoDYpsxlfzWLZIc7LD,0.693
0.00576,https://api.spotify.com/v1/audio-analysis/7wT9MGMmMO9IcOjiE9u5Fg,0.727,242533,0.442,7wT9MGMmMO9IcOjiE9u5Fg,0.0,11,0.551,-9.233,0,0.318,1,191.925,4,https://api.spotify.com/v1/tracks/7wT9MGMmMO9IcOjiE9u5Fg,audio_features,spotify:track:7wT9MGMmMO9IcOjiE9u5Fg,0.336
0.00773,https://api.spotify.com/v1/audio-analysis/3yWsWi2PAo9s6elIhnywIS,0.581,261372,0.826,3yWsWi2PAo9s6elIhnywIS,1.56e-06,0,0.792,-4.87,1,0.0357,1,100.018,4,https://api.spotify.com/v1/tracks/3yWsWi2PAo9s6elIhnywIS,audio_features,spotify:track:3yWsWi2PAo9s6elIhnywIS,0.492
0.158,https://api.spotify.com/v1/audio-analysis/5PB8zB1MOZASboLquvinMF,0.623,188787,0.909,5PB8zB1MOZASboLquvinMF,0.0,4,0.0972,-3.079,0,0.0758,1,93.984,4,https://api.spotify.com/v1/tracks/5PB8zB1MOZASboLquvinMF,audio_features,spotify:track:5PB8zB1MOZASboLquvinMF,0.651
0.00535,https://api.spotify.com/v1/audio-analysis/3MFV4DgrAOXz6KURPQxRj9,0.584,195973,0.866,3MFV4DgrAOXz6KURPQxRj9,2.92e-05,10,0.0858,-5.511,1,0.0419,1,118.005,4,https://api.spotify.com/v1/tracks/3MFV4DgrAOXz6KURPQxRj9,audio_features,spotify:track:3MFV4DgrAOXz6KURPQxRj9,0.499
0.152,https://api.spotify.com/v1/audio-analysis/2HsjJJL4DhPCzMlnaGv7ap,0.661,221627,0.909,2HsjJJL4DhPCzMlnaGv7ap,0.00274,11,0.383,-2.705,1,0.0338,1,123.149,4,https://api.spotify.com/v1/tracks/2HsjJJL4DhPCzMlnaGv7ap,audio_features,spotify:track:2HsjJJL4DhPCzMlnaGv7ap,0.681
0.0868,https://api.spotify.com/v1/audio-analysis/2DlIwu1iDTILEMXA7MUotn,0.412,250053,0.619,2DlIwu1iDTILEMXA7MUotn,2.55e-06,7,0.4,-6.39,1,0.0725,1,95.977,4,https://api.spotify.com/v1/tracks/2DlIwu1iDTILEMXA7MUotn,audio_features,spotify:track:2DlIwu1iDTILEMXA7MUotn,0.234
0.0157,https://api.spotify.com/v1/audio-analysis/7Ed6BkggCS2KaKY5YlINaF,0.613,238726,0.842,7Ed6BkggCS2KaKY5YlINaF,0.0,10,0.23,-4.332,0,0.219,1,169.917,4,https://api.spotify.com/v1/tracks/7Ed6BkggCS2KaKY5YlINaF,audio_features,spotify:track:7Ed6BkggCS2KaKY5YlINaF,0.645
0.0241,https://api.spotify.com/v1/audio-analysis/3hYvGiw2Q8QE2YWdIJLBz0,0.536,236987,0.582,3hYvGiw2Q8QE2YWdIJLBz0,0.0,3,0.181,-5.452,0,0.0433,1,82.142,4,https://api.spotify.com/v1/tracks/3hYvGiw2Q8QE2YWdIJLBz0,audio_features,spotify:track:3hYvGiw2Q8QE2YWdIJLBz0,0.253
0.00873,https://api.spotify.com/v1/audio-analysis/6qoH2pKeEibNUG1pnJIjmZ,0.569,227413,0.946,6qoH2pKeEibNUG1pnJIjmZ,0.0,5,0.0903,-0.698,0,0.0808,1,103.991,4,https://api.spotify.com/v1/tracks/6qoH2pKeEibNUG1pnJIjmZ,audio_features,spotify:track:6qoH2pKeEibNUG1pnJIjmZ,0.778
0.0293,https://api.spotify.com/v1/audio-analysis/0yD66650JxhqKbW76C2qCo,0.645,225560,0.904,0yD66650JxhqKbW76C2qCo,0.0,2,0.0834,-4.532,1,0.0462,1,105.97,4,https://api.spotify.com/v1/tracks/0yD66650JxhqKbW76C2qCo,audio_features,spotify:track:0yD66650JxhqKbW76C2qCo,0.671
0.221,https://api.spotify.com/v1/audio-analysis/7qrMWXNwE1aD1o1sBnyIAh,0.498,201520,0.608,7qrMWXNwE1aD1o1sBnyIAh,0.0,7,0.121,-5.435,0,0.0733,1,169.936,4,https://api.spotify.com/v1/tracks/7qrMWXNwE1aD1o1sBnyIAh,audio_features,spotify:track:7qrMWXNwE1aD1o1sBnyIAh,0.123
0.138,https://api.spotify.com/v1/audio-analysis/5UsW4W8VgHrRLDzXQ9XSpt,0.599,199520,0.683,5UsW4W8VgHrRLDzXQ9XSpt,0.0,2,0.0736,-4.493,1,0.0406,1,85.033,4,https://api.spotify.com/v1/tracks/5UsW4W8VgHrRLDzXQ9XSpt,audio_features,spotify:track:5UsW4W8VgHrRLDzXQ9XSpt,0.304
0.0154,https://api.spotify.com/v1/audio-analysis/50q7YRiza7FOsmhgPYIHTo,0.796,176733,0.651,50q7YRiza7FOsmhgPYIHTo,0.0,8,0.129,-7.729,1,0.0654,1,100.045,4,https://api.spotify.com/v1/tracks/50q7YRiza7FOsmhgPYIHTo,audio_features,spotify:track:50q7YRiza7FOsmhgPYIHTo,0.669
0.364,https://api.spotify.com/v1/audio-analysis/6GBMbvX7sqyOxT5wWK4hgN,0.696,199133,0.517,6GBMbvX7sqyOxT5wWK4hgN,0.0,2,0.197,-8.379,0,0.0366,1,112.291,3,https://api.spotify.com/v1/tracks/6GBMbvX7sqyOxT5wWK4hgN,audio_features,spotify:track:6GBMbvX7sqyOxT5wWK4hgN,0.23
0.0596,https://api.spotify.com/v1/audio-analysis/2ZIZXWnU52s0C75sPYiwvh,0.764,191493,0.618,2ZIZXWnU52s0C75sPYiwvh,0.0,5,0.194,-5.492,0,0.0873,1,140.09,4,https://api.spotify.com/v1/tracks/2ZIZXWnU52s0C75sPYiwvh,audio_features,spotify:track:2ZIZXWnU52s0C75sPYiwvh,0.655
0.0822,https://api.spotify.com/v1/audio-analysis/0stPNUkU1LZnvxIcfrKnEZ,0.666,223999,0.877,0stPNUkU1LZnvxIcfrKnEZ,0.0,6,0.128,-3.275,1,0.194,1,91.054,4,https://api.spotify.com/v1/tracks/0stPNUkU1LZnvxIcfrKnEZ,audio_features,spotify:track:0stPNUkU1LZnvxIcfrKnEZ,0.524
0.0805,https://api.spotify.com/v1/audio-analysis/4ofvoCdXq99vpMZO4Cfp8x,0.728,211440,0.668,4ofvoCdXq99vpMZO4Cfp8x,1.49e-05,2,0.102,-5.02,1,0.126,1,100.537,4,https://api.spotify.com/v1/tracks/4ofvoCdXq99vpMZO4Cfp8x,audio_features,spotify:track:4ofvoCdXq99vpMZO4Cfp8x,0.162
0.0956,https://api.spotify.com/v1/audio-analysis/45Egmo7icyopuzJN0oMEdk,0.708,201707,0.648,45Egmo7icyopuzJN0oMEdk,0.0,6,0.134,-5.626,1,0.0449,1,143.955,4,https://api.spotify.com/v1/tracks/45Egmo7icyopuzJN0oMEdk,audio_features,spotify:track:45Egmo7icyopuzJN0oMEdk,0.338
0.0239,https://api.spotify.com/v1/audio-analysis/3BtA1koBtnClfirgg4BpjI,0.665,220680,0.75,3BtA1koBtnClfirgg4BpjI,0.0,1,0.111,-3.769,0,0.0633,1,89.996,4,https://api.spotify.com/v1/tracks/3BtA1koBtnClfirgg4BpjI,audio_features,spotify:track:3BtA1koBtnClfirgg4BpjI,0.365
0.32,https://api.spotify.com/v1/audio-analysis/4KTtYhxFtFL7mBwnjkKfLm,0.81,246573,0.748,4KTtYhxFtFL7mBwnjkKfLm,0.0,0,0.0951,-6.464,1,0.211,1,130.983,4,https://api.spotify.com/v1/tracks/4KTtYhxFtFL7mBwnjkKfLm,audio_features,spotify:track:4KTtYhxFtFL7mBwnjkKfLm,0.669
0.0605,https://api.spotify.com/v1/audio-analysis/3GCdLUSnKSMJhs4Tj6CV3s,0.698,232187,0.633,3GCdLUSnKSMJhs4Tj6CV3s,0.000194,8,0.0926,-4.946,1,0.0597,1,96.924,4,https://api.spotify.com/v1/tracks/3GCdLUSnKSMJhs4Tj6CV3s,audio_features,spotify:track:3GCdLUSnKSMJhs4Tj6CV3s,0.552
0.302,https://api.spotify.com/v1/audio-analysis/0Is6MRHWKe7y2xIxDkvO6l,0.603,192920,0.625,0Is6MRHWKe7y2xIxDkvO6l,0.0,6,0.141,-6.563,1,0.0258,1,96.02,4,https://api.spotify.com/v1/tracks/0Is6MRHWKe7y2xIxDkvO6l,audio_features,spotify:track:0Is6MRHWKe7y2xIxDkvO6l,0.651
0.0285,https://api.spotify.com/v1/audio-analysis/2p2cCrOaNrIOLk5ArtlHy6,0.599,180302,0.931,2p2cCrOaNrIOLk5ArtlHy6,0.0,11,0.102,-3.662,1,0.0517,1,111.012,4,https://api.spotify.com/v1/tracks/2p2cCrOaNrIOLk5ArtlHy6,audio_features,spotify:track:2p2cCrOaNrIOLk5ArtlHy6,0.788
0.128,https://api.spotify.com/v1/audio-analysis/5ln5yQdUywVbf8HhFsOcd6,0.626,101790,0.423,5ln5yQdUywVbf8HhFsOcd6,0.0,1,0.18,-6.035,1,0.0513,1,95.162,4,https://api.spotify.com/v1/tracks/5ln5yQdUywVbf8HhFsOcd6,audio_features,spotify:track:5ln5yQdUywVbf8HhFsOcd6,0.571
0.0179,https://api.spotify.com/v1/audio-analysis/2WQn7Yvs728KZmmY6tgWqH,0.581,202439,0.684,2WQn7Yvs728KZmmY6tgWqH,1.93e-05,1,0.0849,-4.962,0,0.0429,1,129.966,4,https://api.spotify.com/v1/tracks/2WQn7Yvs728KZmmY6tgWqH,audio_features,spotify:track:2WQn7Yvs728KZmmY6tgWqH,0.0397
0.0957,https://api.spotify.com/v1/audio-analysis/2zRiYzBzeabQQ16BK3c6jk,0.55,207174,0.874,2zRiYzBzeabQQ16BK3c6jk,0.0,1,0.0618,-3.954,0,0.136,1,117.926,4,https://api.spotify.com/v1/tracks/2zRiYzBzeabQQ16BK3c6jk,audio_features,spotify:track:2zRiYzBzeabQQ16BK3c6jk,0.476
0.0566,https://api.spotify.com/v1/audio-analysis/7hHTbI9DRg8u9oJ92RQJkw,0.721,210761,0.709,7hHTbI9DRg8u9oJ92RQJkw,3.95e-05,10,0.0686,-7.939,0,0.0486,1,99.961,4,https://api.spotify.com/v1/tracks/7hHTbI9DRg8u9oJ92RQJkw,audio_features,spotify:track:7hHTbI9DRg8u9oJ92RQJkw,0.341
0.01,https://api.spotify.com/v1/audio-analysis/11EDhDAVDtGPoSar6ootYA,0.69,221206,0.784,11EDhDAVDtGPoSar6ootYA,4.08e-05,11,0.22,-4.724,1,0.056,1,109.969,4,https://api.spotify.com/v1/tracks/11EDhDAVDtGPoSar6ootYA,audio_features,spotify:track:11EDhDAVDtGPoSar6ootYA,0.284
0.112,https://api.spotify.com/v1/audio-analysis/1yvMUkIOTeUNtNWlWRgANS,0.468,217747,0.779,1yvMUkIOTeUNtNWlWRgANS,0.000373,9,0.101,-4.839,1,0.0779,1,173.799,4,https://api.spotify.com/v1/tracks/1yvMUkIOTeUNtNWlWRgANS,audio_features,spotify:track:1yvMUkIOTeUNtNWlWRgANS,0.26
0.00146,https://api.spotify.com/v1/audio-analysis/6rrKbzJGGDlSZgLphopS49,0.469,192107,0.845,6rrKbzJGGDlSZgLphopS49,3.16e-05,1,0.148,-3.936,0,0.0499,1,77.99,4,https://api.spotify.com/v1/tracks/6rrKbzJGGDlSZgLphopS49,audio_features,spotify:track:6rrKbzJGGDlSZgLphopS49,0.564
0.178,https://api.spotify.com/v1/audio-analysis/7lGKEWMXVWWTt3X71Bv44I,0.389,193547,0.665,7lGKEWMXVWWTt3X71Bv44I,0.000732,0,0.116,-6.169,1,0.0644,1,117.055,4,https://api.spotify.com/v1/tracks/7lGKEWMXVWWTt3X71Bv44I,audio_features,spotify:track:7lGKEWMXVWWTt3X71Bv44I,0.199
0.0409,https://api.spotify.com/v1/audio-analysis/0yt31hMKZMiyIEfiBiLD2N,0.675,201240,0.674,0yt31hMKZMiyIEfiBiLD2N,0.0,1,0.128,-4.984,1,0.0305,1,134.941,4,https://api.spotify.com/v1/tracks/0yt31hMKZMiyIEfiBiLD2N,audio_features,spotify:track:0yt31hMKZMiyIEfiBiLD2N,0.569
9.16e-05,https://api.spotify.com/v1/audio-analysis/6FT9FZccFD6nE8dMNslz2n,0.495,185467,0.787,6FT9FZccFD6nE8dMNslz2n,0.0,8,0.167,-6.89,1,0.0368,1,140.003,4,https://api.spotify.com/v1/tracks/6FT9FZccFD6nE8dMNslz2n,audio_features,spotify:track:6FT9FZccFD6nE8dMNslz2n,0.388
0.00793,https://api.spotify.com/v1/audio-analysis/0kThmY7A0ynir2qLWFFhrY,0.721,223814,0.602,0kThmY7A0ynir2qLWFFhrY,1.17e-06,11,0.124,-7.06,0,0.0347,1,124.025,4,https://api.spotify.com/v1/tracks/0kThmY7A0ynir2qLWFFhrY,audio_features,spotify:track:0kThmY7A0ynir2qLWFFhrY,0.682
0.189,https://api.spotify.com/v1/audio-analysis/11fWR3u9wjDMW4oVDbUbyT,0.557,171493,0.807,11fWR3u9wjDMW4oVDbUbyT,0.0,7,0.234,-5.428,1,0.0825,1,81.045,4,https://api.spotify.com/v1/tracks/11fWR3u9wjDMW4oVDbUbyT,audio_features,spotify:track:11fWR3u9wjDMW4oVDbUbyT,0.578
0.396,https://api.spotify.com/v1/audio-analysis/1WtdhlaiUoDTrVNSwaya0L,0.507,195480,0.805,1WtdhlaiUoDTrVNSwaya0L,1.16e-06,9,0.106,-4.611,0,0.0867,1,167.983,4,https://api.spotify.com/v1/tracks/1WtdhlaiUoDTrVNSwaya0L,audio_features,spotify:track:1WtdhlaiUoDTrVNSwaya0L,0.513
0.254,https://api.spotify.com/v1/audio-analysis/3y1t2sEahs8idFz2tiYNPO,0.523,187587,0.834,3y1t2sEahs8idFz2tiYNPO,0.0,6,0.393,-3.561,1,0.0281,1,92.99,4,https://api.spotify.com/v1/tracks/3y1t2sEahs8idFz2tiYNPO,audio_features,spotify:track:3y1t2sEahs8idFz2tiYNPO,0.445
0.0666,https://api.spotify.com/v1/audio-analysis/6JOlNkT0QdHeZB0wPbI9IR,0.703,199689,0.786,6JOlNkT0QdHeZB0wPbI9IR,0.0,8,0.553,-2.243,1,0.0561,1,127.954,4,https://api.spotify.com/v1/tracks/6JOlNkT0QdHeZB0wPbI9IR,audio_features,spotify:track:6JOlNkT0QdHeZB0wPbI9IR,0.475
0.0159,https://api.spotify.com/v1/audio-analysis/1YNWGyVHdDfRAHuLumg1wg,0.558,230267,0.989,1YNWGyVHdDfRAHuLumg1wg,0.00424,11,0.338,-5.458,0,0.0463,1,145.007,4,https://api.spotify.com/v1/tracks/1YNWGyVHdDfRAHuLumg1wg,audio_features,spotify:track:1YNWGyVHdDfRAHuLumg1wg,0.357
0.0362,https://api.spotify.com/v1/audio-analysis/4yDLW1kpgN7RGa6wCtxlL8,0.54,249600,0.55,4yDLW1kpgN7RGa6wCtxlL8,0.000203,5,0.115,-6.521,1,0.0368,1,79.037,4,https://api.spotify.com/v1/tracks/4yDLW1kpgN7RGa6wCtxlL8,audio_features,spotify:track:4yDLW1kpgN7RGa6wCtxlL8,0.0899
0.0654,https://api.spotify.com/v1/audio-analysis/6sy3LkhNFjJWlaeSMNwQ62,0.664,257840,0.705,6sy3LkhNFjJWlaeSMNwQ62,0.0,1,0.115,-4.972,0,0.0382,1,122.017,4,https://api.spotify.com/v1/tracks/6sy3LkhNFjJWlaeSMNwQ62,audio_features,spotify:track:6sy3LkhNFjJWlaeSMNwQ62,0.477
0.00766,https://api.spotify.com/v1/audio-analysis/0ya80Qhw7hgeJp2L6zvxcj,0.636,207053,0.784,0ya80Qhw7hgeJp2L6zvxcj,1.07e-05,2,0.0806,-6.01,1,0.0454,1,96.996,4,https://api.spotify.com/v1/tracks/0ya80Qhw7hgeJp2L6zvxcj,audio_features,spotify:track:0ya80Qhw7hgeJp2L6zvxcj,0.613
0.0161,https://api.spotify.com/v1/audio-analysis/0Y4hwUppbGc8aIBmiTz30A,0.636,196552,0.805,0Y4hwUppbGc8aIBmiTz30A,0.0,9,0.0793,-4.594,1,0.327,1,92.958,4,https://api.spotify.com/v1/tracks/0Y4hwUppbGc8aIBmiTz30A,audio_features,spotify:track:0Y4hwUppbGc8aIBmiTz30A,0.908
0.0522,https://api.spotify.com/v1/audio-analysis/6nek1Nin9q48AVZcWs9e9D,0.449,278719,0.585,6nek1Nin9q48AVZcWs9e9D,8.49e-05,5,0.0833,-6.762,1,0.0268,1,139.627,4,https://api.spotify.com/v1/tracks/6nek1Nin9q48AVZcWs9e9D,audio_features,spotify:track:6nek1Nin9q48AVZcWs9e9D,0.203
0.741,https://api.spotify.com/v1/audio-analysis/3OlM30nPKJLLe32zwaz2lB,0.535,231217,0.652,3OlM30nPKJLLe32zwaz2lB,3.22e-06,11,0.107,-6.825,0,0.306,1,98.424,4,https://api.spotify.com/v1/tracks/3OlM30nPKJLLe32zwaz2lB,audio_features,spotify:track:3OlM30nPKJLLe32zwaz2lB,0.773
0.204,https://api.spotify.com/v1/audio-analysis/37zPDZLuL3dgmI4hb6Yix0,0.338,225093,0.56,37zPDZLuL3dgmI4hb6Yix0,2.98e-06,10,0.108,-7.052,1,0.0298,1,82.966,3,https://api.spotify.com/v1/tracks/37zPDZLuL3dgmI4hb6Yix0,audio_features,spotify:track:37zPDZLuL3dgmI4hb6Yix0,0.576
0.000426,https://api.spotify.com/v1/audio-analysis/3pO37BXsjMC2wApALxGbuB,0.391,229867,0.801,3pO37BXsjMC2wApALxGbuB,0.000208,6,0.0662,-5.102,0,0.0813,1,146.729,4,https://api.spotify.com/v1/tracks/3pO37BXsjMC2wApALxGbuB,audio_features,spotify:track:3pO37BXsjMC2wApALxGbuB,0.341
0.062,https://api.spotify.com/v1/audio-analysis/2ph6BRhGcUzc2W9wIulG5k,0.524,230587,0.805,2ph6BRhGcUzc2W9wIulG5k,0.0,4,0.209,-4.08,0,0.065,1,152.044,4,https://api.spotify.com/v1/tracks/2ph6BRhGcUzc2W9wIulG5k,audio_features,spotify:track:2ph6BRhGcUzc2W9wIulG5k,0.354
0.122,https://api.spotify.com/v1/audio-analysis/72Hr8XLZckFo1Gie68XoMf,0.61,215133,0.831,72Hr8XLZckFo1Gie68XoMf,0.0,11,0.105,-3.422,0,0.0307,1,87.001,4,https://api.spotify.com/v1/tracks/72Hr8XLZckFo1Gie68XoMf,audio_features,spotify:track:72Hr8XLZckFo1Gie68XoMf,0.724
0.0169,https://api.spotify.com/v1/audio-analysis/55S2PQgSMYAhgoTCcGCDfw,0.596,203418,0.854,55S2PQgSMYAhgoTCcGCDfw,0.0,7,0.124,-5.114,0,0.463,1,120.274,4,https://api.spotify.com/v1/tracks/55S2PQgSMYAhgoTCcGCDfw,audio_features,spotify:track:55S2PQgSMYAhgoTCcGCDfw,0.152
0.0116,https://api.spotify.com/v1/audio-analysis/3lQSzRo5BkodChgpBOomvv,0.577,188252,0.791,3lQSzRo5BkodChgpBOomvv,0.0,5,0.179,-3.054,1,0.0316,1,124.013,4,https://api.spotify.com/v1/tracks/3lQSzRo5BkodChgpBOomvv,audio_features,spotify:track:3lQSzRo5BkodChgpBOomvv,0.431
0.0593,https://api.spotify.com/v1/audio-analysis/14FmT2vkYihAs64ixAbk6t,0.652,174507,0.773,14FmT2vkYihAs64ixAbk6t,0.0,11,0.0615,-4.815,0,0.0337,1,97.515,4,https://api.spotify.com/v1/tracks/14FmT2vkYihAs64ixAbk6t,audio_features,spotify:track:14FmT2vkYihAs64ixAbk6t,0.183
0.172,https://api.spotify.com/v1/audio-analysis/3pSfoP1xZllxEuZ6Oh6ebn,0.779,217613,0.641,3pSfoP1xZllxEuZ6Oh6ebn,2.03e-06,1,0.102,-4.912,0,0.141,1,107.032,4,https://api.spotify.com/v1/tracks/3pSfoP1xZllxEuZ6Oh6ebn,audio_features,spotify:track:3pSfoP1xZllxEuZ6Oh6ebn,0.638
0.0419,https://api.spotify.com/v1/audio-analysis/1hZUWQ6L9oLzVHwbkqcnV2,0.426,200440,0.974,1hZUWQ6L9oLzVHwbkqcnV2,4.83e-06,4,0.767,-3.127,0,0.0787,1,172.0,4,https://api.spotify.com/v1/tracks/1hZUWQ6L9oLzVHwbkqcnV2,audio_features,spotify:track:1hZUWQ6L9oLzVHwbkqcnV2,0.627
0.75,https://api.spotify.com/v1/audio-analysis/2ZYbPXhx4OCmdTsMThbSEW,0.629,195053,0.464,2ZYbPXhx4OCmdTsMThbSEW,0.0,4,0.0853,-8.72,1,0.0334,1,156.051,4,https://api.spotify.com/v1/tracks/2ZYbPXhx4OCmdTsMThbSEW,audio_features,spotify:track:2ZYbPXhx4OCmdTsMThbSEW,0.523
0.00261,https://api.spotify.com/v1/audio-analysis/6GBndDk0OEpDkmKoSBJyyK,0.549,178733,0.869,6GBndDk0OEpDkmKoSBJyyK,1.77e-06,4,0.29,-4.905,0,0.0289,1,91.988,4,https://api.spotify.com/v1/tracks/6GBndDk0OEpDkmKoSBJyyK,audio_features,spotify:track:6GBndDk0OEpDkmKoSBJyyK,0.433
0.216,https://api.spotify.com/v1/audio-analysis/4zIO3ilp5HvTeK3HJHxhMP,0.448,189467,0.612,4zIO3ilp5HvTeK3HJHxhMP,0.0,2,0.08,-6.106,1,0.0708,1,97.773,4,https://api.spotify.com/v1/tracks/4zIO3ilp5HvTeK3HJHxhMP,audio_features,spotify:track:4zIO3ilp5HvTeK3HJHxhMP,0.213
0.0961,https://api.spotify.com/v1/audio-analysis/6guWjUuNYziyNXgjFo1IpF,0.522,191987,0.762,6guWjUuNYziyNXgjFo1IpF,6.21e-06,9,0.395,-5.059,1,0.0362,1,143.868,4,https://api.spotify.com/v1/tracks/6guWjUuNYziyNXgjFo1IpF,audio_features,spotify:track:6guWjUuNYziyNXgjFo1IpF,0.486
0.111,https://api.spotify.com/v1/audio-analysis/1349a1cfv3J1bb0qGch29z,0.81,212372,0.759,1349a1cfv3J1bb0qGch29z,4.73e-06,9,0.0919,-3.029,0,0.0376,1,104.993,4,https://api.spotify.com/v1/tracks/1349a1cfv3J1bb0qGch29z,audio_features,spotify:track:1349a1cfv3J1bb0qGch29z,0.615
0.0698,https://api.spotify.com/v1/audio-analysis/3jFkJtiHuePvEJ8dL5EdHN,0.61,251533,0.796,3jFkJtiHuePvEJ8dL5EdHN,0.0,6,0.182,-4.907,1,0.0305,1,90.931,4,https://api.spotify.com/v1/tracks/3jFkJtiHuePvEJ8dL5EdHN,audio_features,spotify:track:3jFkJtiHuePvEJ8dL5EdHN,0.413
0.024,https://api.spotify.com/v1/audio-analysis/4wNQAG2BzbVkLhdajjxGpR,0.683,194107,0.794,4wNQAG2BzbVkLhdajjxGpR,0.0,8,0.302,-4.558,1,0.0533,1,105.941,4,https://api.spotify.com/v1/tracks/4wNQAG2BzbVkLhdajjxGpR,audio_features,spotify:track:4wNQAG2BzbVkLhdajjxGpR,0.327
0.023,https://api.spotify.com/v1/audio-analysis/3yHTTHbT058Ow0favhZO38,0.526,184173,0.85,3yHTTHbT058Ow0favhZO38,0.0,10,0.0948,-4.47,0,0.0313,1,141.973,4,https://api.spotify.com/v1/tracks/3yHTTHbT058Ow0favhZO38,audio_features,spotify:track:3yHTTHbT058Ow0favhZO38,0.338
0.493,https://api.spotify.com/v1/audio-analysis/0OgGn1ofaj55l2PcihQQGV,0.763,190472,0.572,0OgGn1ofaj55l2PcihQQGV,0.00118,11,0.106,-7.312,0,0.0595,1,151.93,4,https://api.spotify.com/v1/tracks/0OgGn1ofaj55l2PcihQQGV,audio_features,spotify:track:0OgGn1ofaj55l2PcihQQGV,0.25
0.227,https://api.spotify.com/v1/audio-analysis/58QhkbaAkLFnn7JwAnAato,0.83,262494,0.546,58QhkbaAkLFnn7JwAnAato,0.0,1,0.112,-5.716,1,0.295,1,182.973,4,https://api.spotify.com/v1/tracks/58QhkbaAkLFnn7JwAnAato,audio_features,spotify:track:58QhkbaAkLFnn7JwAnAato,0.535
0.00463,https://api.spotify.com/v1/audio-analysis/7xAdO0zdl7lGf0ecg4IGhQ,0.539,211573,0.869,7xAdO0zdl7lGf0ecg4IGhQ,0.0,6,0.324,-5.341,1,0.0471,1,143.987,4,https://api.spotify.com/v1/tracks/7xAdO0zdl7lGf0ecg4IGhQ,audio_features,spotify:track:7xAdO0zdl7lGf0ecg4IGhQ,0.362
0.235,https://api.spotify.com/v1/audio-analysis/7nXq1vaZiz7PdbfojpPjW5,0.435,245960,0.92,7nXq1vaZiz7PdbfojpPjW5,0.000353,4,0.552,-1.357,0,0.201,1,188.899,4,https://api.spotify.com/v1/tracks/7nXq1vaZiz7PdbfojpPjW5,audio_features,spotify:track:7nXq1vaZiz7PdbfojpPjW5,0.45
0.201,https://api.spotify.com/v1/audio-analysis/3N2AIfVOq6NiTcWHIP4Oco,0.386,213024,0.799,3N2AIfVOq6NiTcWHIP4Oco,0.0,2,0.103,-3.789,1,0.0555,1,86.333,4,https://api.spotify.com/v1/tracks/3N2AIfVOq6NiTcWHIP4Oco,audio_features,spotify:track:3N2AIfVOq6NiTcWHIP4Oco,0.391
0.208,https://api.spotify.com/v1/audio-analysis/3ts6xK5GzfMAAriT9AIBmP,0.6,167427,0.808,3ts6xK5GzfMAAriT9AIBmP,0.0,4,0.196,-4.679,1,0.0403,1,172.016,4,https://api.spotify.com/v1/tracks/3ts6xK5GzfMAAriT9AIBmP,audio_features,spotify:track:3ts6xK5GzfMAAriT9AIBmP,0.809
0.0933,https://api.spotify.com/v1/audio-analysis/02pf9lLM8Nb8l4u4ts1GWb,0.673,235600,0.464,02pf9lLM8Nb8l4u4ts1GWb,0.0,10,0.21,-6.864,0,0.201,1,171.043,4,https://api.spotify.com/v1/tracks/02pf9lLM8Nb8l4u4ts1GWb,audio_features,spotify:track:02pf9lLM8Nb8l4u4ts1GWb,0.762
0.00413,https://api.spotify.com/v1/audio-analysis/0OI7AFifLSoGzpb8bdBLLV,0.653,202805,0.718,0OI7AFifLSoGzpb8bdBLLV,0.0,3,0.0537,-5.232,0,0.213,1,82.034,4,https://api.spotify.com/v1/tracks/0OI7AFifLSoGzpb8bdBLLV,audio_features,spotify:track:0OI7AFifLSoGzpb8bdBLLV,0.216
0.000821,https://api.spotify.com/v1/audio-analysis/3xgK660fsZH7ZDcOMfIdfB,0.389,189707,0.748,3xgK660fsZH7ZDcOMfIdfB,0.00058,2,0.358,-4.461,1,0.0805,1,78.056,4,https://api.spotify.com/v1/tracks/3xgK660fsZH7ZDcOMfIdfB,audio_features,spotify:track:3xgK660fsZH7ZDcOMfIdfB,0.216
0.0014,https://api.spotify.com/v1/audio-analysis/5KrEN8aGZnvS2UU6molPFs,0.587,223147,0.542,5KrEN8aGZnvS2UU6molPFs,0.0,5,0.0906,-7.876,1,0.034,1,89.991,4,https://api.spotify.com/v1/tracks/5KrEN8aGZnvS2UU6molPFs,audio_features,spotify:track:5KrEN8aGZnvS2UU6molPFs,0.371
0.0788,https://api.spotify.com/v1/audio-analysis/5fK0Q3j2iUcQtiRDXlPW0K,0.572,211818,0.691,5fK0Q3j2iUcQtiRDXlPW0K,0.000132,8,0.0619,-4.783,0,0.123,1,92.082,4,https://api.spotify.com/v1/tracks/5fK0Q3j2iUcQtiRDXlPW0K,audio_features,spotify:track:5fK0Q3j2iUcQtiRDXlPW0K,0.318
0.0156,https://api.spotify.com/v1/audio-analysis/7IWTIkiWGWNQyYfOLdMrGD,0.594,200322,0.722,7IWTIkiWGWNQyYfOLdMrGD,0.0,4,0.0667,-5.751,0,0.0398,1,127.877,4,https://api.spotify.com/v1/tracks/7IWTIkiWGWNQyYfOLdMrGD,audio_features,spotify:track:7IWTIkiWGWNQyYfOLdMrGD,0.407
0.435,https://api.spotify.com/v1/audio-analysis/0OlnLZY4cmQzT6ZGttvWBM,0.526,183637,0.52,0OlnLZY4cmQzT6ZGttvWBM,0.0,6,0.197,-7.985,0,0.0569,1,149.119,4,https://api.spotify.com/v1/tracks/0OlnLZY4cmQzT6ZGttvWBM,audio_features,spotify:track:0OlnLZY4cmQzT6ZGttvWBM,0.13
0.0115,https://api.spotify.com/v1/audio-analysis/6MowG7MRVgPfGlCMsXKMJ2,0.438,252440,0.805,6MowG7MRVgPfGlCMsXKMJ2,0.000667,5,0.133,-4.284,0,0.0728,1,150.174,4,https://api.spotify.com/v1/tracks/6MowG7MRVgPfGlCMsXKMJ2,audio_features,spotify:track:6MowG7MRVgPfGlCMsXKMJ2,0.31
0.035,https://api.spotify.com/v1/audio-analysis/7K0lR5Ngf5jkOWt1g6ut6l,0.543,193067,0.88,7K0lR5Ngf5jkOWt1g6ut6l,0.000227,3,0.304,-4.204,0,0.0365,1,144.057,4,https://api.spotify.com/v1/tracks/7K0lR5Ngf5jkOWt1g6ut6l,audio_features,spotify:track:7K0lR5Ngf5jkOWt1g6ut6l,0.483
0.193,https://api.spotify.com/v1/audio-analysis/1rqqCSm0Qe4I9rUvWncaom,0.579,190947,0.904,1rqqCSm0Qe4I9rUvWncaom,0.0,5,0.064,-2.729,1,0.0618,1,82.014,4,https://api.spotify.com/v1/tracks/1rqqCSm0Qe4I9rUvWncaom,audio_features,spotify:track:1rqqCSm0Qe4I9rUvWncaom,0.681
0.297,https://api.spotify.com/v1/audio-analysis/5p7ujcrUXASCNwRaWNHR1C,0.752,201661,0.488,5p7ujcrUXASCNwRaWNHR1C,9.11e-06,6,0.0936,-7.05,1,0.0705,1,136.041,4,https://api.spotify.com/v1/tracks/5p7ujcrUXASCNwRaWNHR1C,audio_features,spotify:track:5p7ujcrUXASCNwRaWNHR1C,0.533
2.86e-05,https://api.spotify.com/v1/audio-analysis/5ghIJDpPoe3CfHMGu71E6T,0.516,301920,0.906,5ghIJDpPoe3CfHMGu71E6T,0.000101,1,0.105,-4.525,1,0.0658,1,116.775,4,https://api.spotify.com/v1/tracks/5ghIJDpPoe3CfHMGu71E6T,audio_features,spotify:track:5ghIJDpPoe3CfHMGu71E6T,0.728
0.185,https://api.spotify.com/v1/audio-analysis/5xvagygk66wKzm6ecuUp14,0.621,224133,0.831,5xvagygk66wKzm6ecuUp14,0.000925,6,0.102,-3.793,0,0.038,1,125.946,4,https://api.spotify.com/v1/tracks/5xvagygk66wKzm6ecuUp14,audio_features,spotify:track:5xvagygk66wKzm6ecuUp14,0.527
0.109,https://api.spotify.com/v1/audio-analysis/23L5CiUhw2jV1OIMwthR3S,0.501,195707,0.519,23L5CiUhw2jV1OIMwthR3S,0.0,4,0.454,-5.88,0,0.0409,1,133.99,4,https://api.spotify.com/v1/tracks/23L5CiUhw2jV1OIMwthR3S,audio_features,spotify:track:23L5CiUhw2jV1OIMwthR3S,0.168
0.181,https://api.spotify.com/v1/audio-analysis/18oGgOeVdawfYCWndM3Tl6,0.713,170297,0.592,18oGgOeVdawfYCWndM3Tl6,0.0,4,0.338,-4.621,0,0.0272,1,106.013,4,https://api.spotify.com/v1/tracks/18oGgOeVdawfYCWndM3Tl6,audio_features,spotify:track:18oGgOeVdawfYCWndM3Tl6,0.619
0.581,https://api.spotify.com/v1/audio-analysis/6pDV2eXUwq1PP9SCwqOivp,0.613,244465,0.438,6pDV2eXUwq1PP9SCwqOivp,0.0145,1,0.308,-11.879,1,0.0371,1,131.018,4,https://api.spotify.com/v1/tracks/6pDV2eXUwq1PP9SCwqOivp,audio_features,spotify:track:6pDV2eXUwq1PP9SCwqOivp,0.217
0.0329,https://api.spotify.com/v1/audio-analysis/48Kb9uoqEL9G1gIePMUwSw,0.578,217320,0.647,48Kb9uoqEL9G1gIePMUwSw,0.0,2,0.298,-4.708,0,0.0372,1,151.116,4,https://api.spotify.com/v1/tracks/48Kb9uoqEL9G1gIePMUwSw,audio_features,spotify:track:48Kb9uoqEL9G1gIePMUwSw,0.271
0.00254,https://api.spotify.com/v1/audio-analysis/6HayhkHnKvOsXACqhAXym9,0.691,183533,0.728,6HayhkHnKvOsXACqhAXym9,8.34e-06,2,0.195,-5.88,1,0.0383,1,102.003,4,https://api.spotify.com/v1/tracks/6HayhkHnKvOsXACqhAXym9,audio_features,spotify:track:6HayhkHnKvOsXACqhAXym9,0.368
0.0101,https://api.spotify.com/v1/audio-analysis/1tjFq1ztsKWfEvQiniuCZS,0.505,198280,0.837,1tjFq1ztsKWfEvQiniuCZS,0.0,0,0.132,-4.409,0,0.0356,1,160.034,4,https://api.spotify.com/v1/tracks/1tjFq1ztsKWfEvQiniuCZS,audio_features,spotify:track:1tjFq1ztsKWfEvQiniuCZS,0.46
0.74,https://api.spotify.com/v1/audio-analysis/4NzMOnvSJVNKF7nw5NkXIP,0.905,193143,0.389,4NzMOnvSJVNKF7nw5NkXIP,0.162,8,0.106,-14.505,1,0.332,1,120.046,4,https://api.spotify.com/v1/tracks/4NzMOnvSJVNKF7nw5NkXIP,audio_features,spotify:track:4NzMOnvSJVNKF7nw5NkXIP,0.196
0.625,https://api.spotify.com/v1/audio-analysis/6H98N10OCmld8m5XyyulO3,0.693,202482,0.549,6H98N10OCmld8m5XyyulO3,0.0,6,0.122,-8.964,0,0.418,1,82.152,4,https://api.spotify.com/v1/tracks/6H98N10OCmld8m5XyyulO3,audio_features,spotify:track:6H98N10OCmld8m5XyyulO3,0.645
0.0311,https://api.spotify.com/v1/audio-analysis/0SfG57HqtBNqKN9O27fo1s,0.822,129778,0.484,0SfG57HqtBNqKN9O27fo1s,6.22e-06,1,0.31,-7.166,1,0.0865,1,150.061,4,https://api.spotify.com/v1/tracks/0SfG57HqtBNqKN9O27fo1s,audio_features,spotify:track:0SfG57HqtBNqKN9O27fo1s,0.0934
0.0658,https://api.spotify.com/v1/audio-analysis/6HoXpEnhzeDpz7gYgGaYF0,0.407,197333,0.722,6HoXpEnhzeDpz7gYgGaYF0,0.0,6,0.115,-5.44,1,0.094,1,88.017,4,https://api.spotify.com/v1/tracks/6HoXpEnhzeDpz7gYgGaYF0,audio_features,spotify:track:6HoXpEnhzeDpz7gYgGaYF0,0.392
0.0267,https://api.spotify.com/v1/audio-analysis/5zTJ8EzEdnyM0iatUvkCaf,0.608,223629,0.761,5zTJ8EzEdnyM0iatUvkCaf,0.0399,0,0.128,-5.768,0,0.118,1,74.997,4,https://api.spotify.com/v1/tracks/5zTJ8EzEdnyM0iatUvkCaf,audio_features,spotify:track:5zTJ8EzEdnyM0iatUvkCaf,0.069
0.0999,https://api.spotify.com/v1/audio-analysis/29XUgoG8R77X7NmtR6BCqi,0.425,182903,0.971,29XUgoG8R77X7NmtR6BCqi,0.15,10,0.164,-2.327,0,0.0485,1,123.966,4,https://api.spotify.com/v1/tracks/29XUgoG8R77X7NmtR6BCqi,audio_features,spotify:track:29XUgoG8R77X7NmtR6BCqi,0.696
0.586,https://api.spotify.com/v1/audio-analysis/6XBxfyXGkOBfCIqSC8roGy,0.763,224813,0.668,6XBxfyXGkOBfCIqSC8roGy,0.000385,2,0.171,-5.854,0,0.0489,1,104.981,4,https://api.spotify.com/v1/tracks/6XBxfyXGkOBfCIqSC8roGy,audio_features,spotify:track:6XBxfyXGkOBfCIqSC8roGy,0.795
0.182,https://api.spotify.com/v1/audio-analysis/1wtrJ0dcTjqP8PMRTczdSi,0.491,185357,0.586,1wtrJ0dcTjqP8PMRTczdSi,2.95e-06,8,0.196,-7.413,1,0.041,1,140.112,4,https://api.spotify.com/v1/tracks/1wtrJ0dcTjqP8PMRTczdSi,audio_features,spotify:track:1wtrJ0dcTjqP8PMRTczdSi,0.201
0.512,https://api.spotify.com/v1/audio-analysis/2iXBZ32Fz5VDCLeE0JIdX5,0.584,234173,0.7,2iXBZ32Fz5VDCLeE0JIdX5,2.43e-05,6,0.13,-4.251,1,0.0506,1,163.953,4,https://api.spotify.com/v1/tracks/2iXBZ32Fz5VDCLeE0JIdX5,audio_features,spotify:track:2iXBZ32Fz5VDCLeE0JIdX5,0.549
0.883,https://api.spotify.com/v1/audio-analysis/5ihS6UUlyQAfmp48eSkxuQ,0.414,199493,0.161,5ihS6UUlyQAfmp48eSkxuQ,0.000223,7,0.117,-22.32,0,0.0318,1,159.375,4,https://api.spotify.com/v1/tracks/5ihS6UUlyQAfmp48eSkxuQ,audio_features,spotify:track:5ihS6UUlyQAfmp48eSkxuQ,0.423
0.00483,https://api.spotify.com/v1/audio-analysis/6CUBgX8bXC5YQCkdgRHqyg,0.745,212027,0.595,6CUBgX8bXC5YQCkdgRHqyg,1.13e-05,8,0.125,-6.35,1,0.0486,1,110.966,3,https://api.spotify.com/v1/tracks/6CUBgX8bXC5YQCkdgRHqyg,audio_features,spotify:track:6CUBgX8bXC5YQCkdgRHqyg,0.169
0.105,https://api.spotify.com/v1/audio-analysis/1lAgtcp1KQRQS10m2yCgvm,0.511,188721,0.491,1lAgtcp1KQRQS10m2yCgvm,0.0,11,0.114,-8.322,1,0.207,1,103.961,4,https://api.spotify.com/v1/tracks/1lAgtcp1KQRQS10m2yCgvm,audio_features,spotify:track:1lAgtcp1KQRQS10m2yCgvm,0.711
0.45,https://api.spotify.com/v1/audio-analysis/3FDrI0FLKzrYQiWxPhqV2W,0.754,272667,0.762,3FDrI0FLKzrYQiWxPhqV2W,6.67e-05,6,0.224,-4.486,0,0.0849,1,92.002,4,https://api.spotify.com/v1/tracks/3FDrI0FLKzrYQiWxPhqV2W,audio_features,spotify:track:3FDrI0FLKzrYQiWxPhqV2W,0.673
0.498,https://api.spotify.com/v1/audio-analysis/6gpcs5eMhJwax4mIfKDYQk,0.736,230813,0.795,6gpcs5eMhJwax4mIfKDYQk,1.21e-06,1,0.254,-3.299,0,0.0545,1,104.066,4,https://api.spotify.com/v1/tracks/6gpcs5eMhJwax4mIfKDYQk,audio_features,spotify:track:6gpcs5eMhJwax4mIfKDYQk,0.511
0.057,https://api.spotify.com/v1/audio-analysis/3UNOO9eI1IrSy8uur81jxP,0.37,333903,0.553,3UNOO9eI1IrSy8uur81jxP,1.84e-06,3,0.0917,-6.112,0,0.0294,1,110.657,4,https://api.spotify.com/v1/tracks/3UNOO9eI1IrSy8uur81jxP,audio_features,spotify:track:3UNOO9eI1IrSy8uur81jxP,0.114
0.000707,https://api.spotify.com/v1/audio-analysis/0s019O8KwLXkPSSV609qEE,0.365,248587,0.751,0s019O8KwLXkPSSV609qEE,0.0,2,0.318,-5.429,1,0.304,1,79.119,4,https://api.spotify.com/v1/tracks/0s019O8KwLXkPSSV609qEE,audio_features,spotify:track:0s019O8KwLXkPSSV609qEE,0.604
0.0244,https://api.spotify.com/v1/audio-analysis/5iNRPN7oYQvdB9AmeSW6d3,0.746,222093,0.873,5iNRPN7oYQvdB9AmeSW6d3,0.0,7,0.354,-3.803,1,0.128,1,148.075,4,https://api.spotify.com/v1/tracks/5iNRPN7oYQvdB9AmeSW6d3,audio_features,spotify:track:5iNRPN7oYQvdB9AmeSW6d3,0.817
0.0354,https://api.spotify.com/v1/audio-analysis/4q6dqyGM25sKFU8nYAGRe4,0.711,217800,0.508,4q6dqyGM25sKFU8nYAGRe4,0.0,7,0.141,-7.299,1,0.0494,1,98.098,4,https://api.spotify.com/v1/tracks/4q6dqyGM25sKFU8nYAGRe4,audio_features,spotify:track:4q6dqyGM25sKFU8nYAGRe4,0.665
0.0369,https://api.spotify.com/v1/audio-analysis/0x3TibRgnSqzkcwrqBd4iX,0.7,228453,0.598,0x3TibRgnSqzkcwrqBd4iX,0.0,2,0.111,-7.783,1,0.114,1,160.041,4,https://api.spotify.com/v1/tracks/0x3TibRgnSqzkcwrqBd4iX,audio_features,spotify:track:0x3TibRgnSqzkcwrqBd4iX,0.594
0.181,https://api.spotify.com/v1/audio-analysis/3kZoay4ANo86ehb6s4RwS9,0.788,302000,0.808,3kZoay4ANo86ehb6s4RwS9,0.0,8,0.517,-4.77,0,0.101,1,143.04,4,https://api.spotify.com/v1/tracks/3kZoay4ANo86ehb6s4RwS9,audio_features,spotify:track:3kZoay4ANo86ehb6s4RwS9,0.844
0.332,https://api.spotify.com/v1/audio-analysis/6jEZLz3YpnEBRpVkv35AmP,0.857,192600,0.801,6jEZLz3YpnEBRpVkv35AmP,1.2e-06,0,0.0789,-6.499,1,0.0618,1,96.009,4,https://api.spotify.com/v1/tracks/6jEZLz3YpnEBRpVkv35AmP,audio_features,spotify:track:6jEZLz3YpnEBRpVkv35AmP,0.753
0.0266,https://api.spotify.com/v1/audio-analysis/6St9lR6dhV2tpCNVz7qfrS,0.762,199027,0.748,6St9lR6dhV2tpCNVz7qfrS,0.0,0,0.348,-4.15,0,0.033,1,110.009,4,https://api.spotify.com/v1/tracks/6St9lR6dhV2tpCNVz7qfrS,audio_features,spotify:track:6St9lR6dhV2tpCNVz7qfrS,0.851
0.0305,https://api.spotify.com/v1/audio-analysis/2mpFm3f7QmdsVtSAIICEB7,0.609,208533,0.588,2mpFm3f7QmdsVtSAIICEB7,0.000142,7,0.369,-7.992,1,0.481,1,128.763,5,https://api.spotify.com/v1/tracks/2mpFm3f7QmdsVtSAIICEB7,audio_features,spotify:track:2mpFm3f7QmdsVtSAIICEB7,0.797
0.0219,https://api.spotify.com/v1/audio-analysis/2PkeVPcL32LA96cK5ySC3c,0.895,250067,0.795,2PkeVPcL32LA96cK5ySC3c,0.0,2,0.0403,-4.693,1,0.0977,1,105.004,4,https://api.spotify.com/v1/tracks/2PkeVPcL32LA96cK5ySC3c,audio_features,spotify:track:2PkeVPcL32LA96cK5ySC3c,0.574
0.00971,https://api.spotify.com/v1/audio-analysis/7w9bgPAmPTtrkt2v16QWvQ,0.701,326467,0.728,7w9bgPAmPTtrkt2v16QWvQ,0.00115,2,0.361,-4.554,1,0.255,1,171.388,4,https://api.spotify.com/v1/tracks/7w9bgPAmPTtrkt2v16QWvQ,audio_features,spotify:track:7w9bgPAmPTtrkt2v16QWvQ,0.0591
0.0504,https://api.spotify.com/v1/audio-analysis/4cKGldbhGJniI8BrB3K6tb,0.637,257067,0.759,4cKGldbhGJniI8BrB3K6tb,0.0,3,0.0642,-6.389,0,0.0305,1,93.898,4,https://api.spotify.com/v1/tracks/4cKGldbhGJniI8BrB3K6tb,audio_features,spotify:track:4cKGldbhGJniI8BrB3K6tb,0.741
0.00543,https://api.spotify.com/v1/audio-analysis/4pmc2AxSEq6g7hPVlJCPyP,0.771,230200,0.685,4pmc2AxSEq6g7hPVlJCPyP,0.00157,1,0.0537,-4.639,1,0.0567,1,88.997,4,https://api.spotify.com/v1/tracks/4pmc2AxSEq6g7hPVlJCPyP,audio_features,spotify:track:4pmc2AxSEq6g7hPVlJCPyP,0.683
0.0408,https://api.spotify.com/v1/audio-analysis/4r8lRYnoOGdEi6YyI5OC1o,0.614,200560,0.928,4r8lRYnoOGdEi6YyI5OC1o,0.00104,8,0.0845,-4.806,0,0.0516,1,172.656,4,https://api.spotify.com/v1/tracks/4r8lRYnoOGdEi6YyI5OC1o,audio_features,spotify:track:4r8lRYnoOGdEi6YyI5OC1o,0.879
0.0459,https://api.spotify.com/v1/audio-analysis/35zGjsxI020C2NPKp2fzS7,0.644,191040,0.874,35zGjsxI020C2NPKp2fzS7,2.24e-06,0,0.0584,-4.666,0,0.0801,1,165.09,4,https://api.spotify.com/v1/tracks/35zGjsxI020C2NPKp2fzS7,audio_features,spotify:track:35zGjsxI020C2NPKp2fzS7,0.882
0.00197,https://api.spotify.com/v1/audio-analysis/5L4kmSZOSjaoUEzrFqQadT,0.468,267307,0.955,5L4kmSZOSjaoUEzrFqQadT,0.0,1,0.284,-4.909,0,0.0857,1,169.928,4,https://api.spotify.com/v1/tracks/5L4kmSZOSjaoUEzrFqQadT,audio_features,spotify:track:5L4kmSZOSjaoUEzrFqQadT,0.571
0.326,https://api.spotify.com/v1/audio-analysis/2Cdvbe2G4hZsnhNMKyGrie,0.535,175173,0.716,2Cdvbe2G4hZsnhNMKyGrie,0.0,4,0.659,-5.025,1,0.0431,1,94.379,4,https://api.spotify.com/v1/tracks/2Cdvbe2G4hZsnhNMKyGrie,audio_features,spotify:track:2Cdvbe2G4hZsnhNMKyGrie,0.901
0.241,https://api.spotify.com/v1/audio-analysis/34x6hEJgGAOQvmlMql5Ige,0.544,215133,0.897,34x6hEJgGAOQvmlMql5Ige,0.0,3,0.13,-6.056,0,0.0471,1,157.17,4,https://api.spotify.com/v1/tracks/34x6hEJgGAOQvmlMql5Ige,audio_features,spotify:track:34x6hEJgGAOQvmlMql5Ige,0.647
0.0678,https://api.spotify.com/v1/audio-analysis/5VVwwfK6Cp9IydkhKfJUEq,0.54,222707,0.96,5VVwwfK6Cp9IydkhKfJUEq,2.34e-06,0,0.342,-2.971,0,0.0521,1,122.761,4,https://api.spotify.com/v1/tracks/5VVwwfK6Cp9IydkhKfJUEq,audio_features,spotify:track:5VVwwfK6Cp9IydkhKfJUEq,0.802
0.00201,https://api.spotify.com/v1/audio-analysis/310epXrlbXmfGcD1qSdgVV,0.397,278827,0.861,310epXrlbXmfGcD1qSdgVV,2.49e-05,4,0.35,-12.156,1,0.0569,1,121.856,4,https://api.spotify.com/v1/tracks/310epXrlbXmfGcD1qSdgVV,audio_features,spotify:track:310epXrlbXmfGcD1qSdgVV,0.512
0.0191,https://api.spotify.com/v1/audio-analysis/17arUdDWEinOOVrrVUkEM7,0.482,236107,0.835,17arUdDWEinOOVrrVUkEM7,0.0143,6,0.162,-7.68,0,0.0539,1,96.444,4,https://api.spotify.com/v1/tracks/17arUdDWEinOOVrrVUkEM7,audio_features,spotify:track:17arUdDWEinOOVrrVUkEM7,0.776
0.000738,https://api.spotify.com/v1/audio-analysis/5HbCnVLXRyZVxnreOPgJCK,0.56,216600,0.959,5HbCnVLXRyZVxnreOPgJCK,0.000206,7,0.209,-2.433,1,0.102,1,163.983,4,https://api.spotify.com/v1/tracks/5HbCnVLXRyZVxnreOPgJCK,audio_features,spotify:track:5HbCnVLXRyZVxnreOPgJCK,0.67
0.271,https://api.spotify.com/v1/audio-analysis/0ZUo4YjG4saFnEJhdWp9Bt,0.519,199947,0.749,0ZUo4YjG4saFnEJhdWp9Bt,0.0,6,0.119,-3.318,0,0.0405,1,147.905,4,https://api.spotify.com/v1/tracks/0ZUo4YjG4saFnEJhdWp9Bt,audio_features,spotify:track:0ZUo4YjG4saFnEJhdWp9Bt,0.29
0.0295,https://api.spotify.com/v1/audio-analysis/3cHyrEgdyYRjgJKSOiOtcS,0.581,204160,0.963,3cHyrEgdyYRjgJKSOiOtcS,0.0,11,0.139,-4.087,1,0.0981,1,129.992,4,https://api.spotify.com/v1/tracks/3cHyrEgdyYRjgJKSOiOtcS,audio_features,spotify:track:3cHyrEgdyYRjgJKSOiOtcS,0.788
0.575,https://api.spotify.com/v1/audio-analysis/7Lf7oSEVdzZqTA0kEDSlS5,0.624,288333,0.653,7Lf7oSEVdzZqTA0kEDSlS5,0.0,8,0.104,-6.582,0,0.176,1,73.884,4,https://api.spotify.com/v1/tracks/7Lf7oSEVdzZqTA0kEDSlS5,audio_features,spotify:track:7Lf7oSEVdzZqTA0kEDSlS5,0.565
0.00498,https://api.spotify.com/v1/audio-analysis/6mnjcTmK8TewHfyOp3fC9C,0.711,211920,0.7,6mnjcTmK8TewHfyOp3fC9C,0.000125,1,0.215,-4.805,0,0.046,1,128.001,4,https://api.spotify.com/v1/tracks/6mnjcTmK8TewHfyOp3fC9C,audio_features,spotify:track:6mnjcTmK8TewHfyOp3fC9C,0.801
0.0533,https://api.spotify.com/v1/audio-analysis/5sN8MGWR2pu2Rn3oAOPYXt,0.524,254040,0.904,5sN8MGWR2pu2Rn3oAOPYXt,0.0,8,0.776,-2.071,1,0.398,1,161.188,4,https://api.spotify.com/v1/tracks/5sN8MGWR2pu2Rn3oAOPYXt,audio_features,spotify:track:5sN8MGWR2pu2Rn3oAOPYXt,0.655
0.3,https://api.spotify.com/v1/audio-analysis/6naxalmIoLFWR0siv8dnQQ,0.751,211160,0.834,6naxalmIoLFWR0siv8dnQQ,1.77e-05,1,0.355,-5.444,0,0.0437,1,95.053,4,https://api.spotify.com/v1/tracks/6naxalmIoLFWR0siv8dnQQ,audio_features,spotify:track:6naxalmIoLFWR0siv8dnQQ,0.894
0.0746,https://api.spotify.com/v1/audio-analysis/5OMwQFBcte0aWFJFqrr5oj,0.755,199693,0.832,5OMwQFBcte0aWFJFqrr5oj,1.27e-06,2,0.291,-2.741,0,0.116,1,120.032,4,https://api.spotify.com/v1/tracks/5OMwQFBcte0aWFJFqrr5oj,audio_features,spotify:track:5OMwQFBcte0aWFJFqrr5oj,0.735
0.0439,https://api.spotify.com/v1/audio-analysis/7EKTo6rVJ3XSS7QTd6ep2j,0.764,223933,0.694,7EKTo6rVJ3XSS7QTd6ep2j,3.67e-06,11,0.18,-5.745,0,0.189,1,146.075,4,https://api.spotify.com/v1/tracks/7EKTo6rVJ3XSS7QTd6ep2j,audio_features,spotify:track:7EKTo6rVJ3XSS7QTd6ep2j,0.581
0.00872,https://api.spotify.com/v1/audio-analysis/28yU9kjRYIU68AjYF3yWFp,0.863,223485,0.475,28yU9kjRYIU68AjYF3yWFp,0.116,9,0.122,-7.195,0,0.0488,1,124.964,4,https://api.spotify.com/v1/tracks/28yU9kjRYIU68AjYF3yWFp,audio_features,spotify:track:28yU9kjRYIU68AjYF3yWFp,0.596
0.000591,https://api.spotify.com/v1/audio-analysis/6i24LdtpurY1OPvRVjNsSH,0.622,236280,0.762,6i24LdtpurY1OPvRVjNsSH,0.0,7,0.072,-4.58,1,0.0376,1,112.028,4,https://api.spotify.com/v1/tracks/6i24LdtpurY1OPvRVjNsSH,audio_features,spotify:track:6i24LdtpurY1OPvRVjNsSH,0.514
0.676,https://api.spotify.com/v1/audio-analysis/2rxQMGVafnNaRaXlRMWPde,0.552,193200,0.402,2rxQMGVafnNaRaXlRMWPde,0.0,11,0.0928,-7.431,1,0.0262,1,103.313,4,https://api.spotify.com/v1/tracks/2rxQMGVafnNaRaXlRMWPde,audio_features,spotify:track:2rxQMGVafnNaRaXlRMWPde,0.382
0.0227,https://api.spotify.com/v1/audio-analysis/7JK0nPw98vJmgEElMUfg5v,0.598,174255,0.893,7JK0nPw98vJmgEElMUfg5v,0.0,10,0.352,-3.136,1,0.0497,1,100.031,4,https://api.spotify.com/v1/tracks/7JK0nPw98vJmgEElMUfg5v,audio_features,spotify:track:7JK0nPw98vJmgEElMUfg5v,0.667
0.00719,https://api.spotify.com/v1/audio-analysis/2BgunkkepMPFpArQj1Dx5s,0.564,160991,0.904,2BgunkkepMPFpArQj1Dx5s,0.0,7,0.528,-3.808,1,0.0582,1,124.102,4,https://api.spotify.com/v1/tracks/2BgunkkepMPFpArQj1Dx5s,audio_features,spotify:track:2BgunkkepMPFpArQj1Dx5s,0.637
0.0244,https://api.spotify.com/v1/audio-analysis/045SnNDjOfOLKM5OxARH4g,0.553,206573,0.747,045SnNDjOfOLKM5OxARH4g,0.0,9,0.363,-5.905,1,0.0292,1,73.033,4,https://api.spotify.com/v1/tracks/045SnNDjOfOLKM5OxARH4g,audio_features,spotify:track:045SnNDjOfOLKM5OxARH4g,0.711
0.189,https://api.spotify.com/v1/audio-analysis/5Zx1zVpDJsNgyY3HvNfsfC,0.557,171493,0.807,5Zx1zVpDJsNgyY3HvNfsfC,0.0,7,0.234,-5.428,1,0.0825,1,81.045,4,https://api.spotify.com/v1/tracks/5Zx1zVpDJsNgyY3HvNfsfC,audio_features,spotify:track:5Zx1zVpDJsNgyY3HvNfsfC,0.578
